num_sims,spot,strike,volatility,rate,expiry,price,bs_price
1000,106.496,107.382,0.168627,0.0116293,0.828113,7.06431,6.58054
10000,106.496,107.382,0.168627,0.0116293,0.828113,6.25832,6.58054
100000,106.496,107.382,0.168627,0.0116293,0.828113,6.56744,6.58054
1000000,106.496,107.382,0.168627,0.0116293,0.828113,6.59197,6.58054
10000000,106.496,107.382,0.168627,0.0116293,0.828113,6.58322,6.58054
1000,92.2015,97.9583,0.476518,0.0318149,0.68543,12.6098,12.9508
10000,92.2015,97.9583,0.476518,0.0318149,0.68543,13.0696,12.9508
100000,92.2015,97.9583,0.476518,0.0318149,0.68543,13.0096,12.9508
1000000,92.2015,97.9583,0.476518,0.0318149,0.68543,12.9371,12.9508
10000000,92.2015,97.9583,0.476518,0.0318149,0.68543,12.9584,12.9508
1000,101.013,87.4173,0.293581,0.0158941,1.58422,22.9336,22.931
10000,101.013,87.4173,0.293581,0.0158941,1.58422,22.8279,22.931
100000,101.013,87.4173,0.293581,0.0158941,1.58422,22.9743,22.931
1000000,101.013,87.4173,0.293581,0.0158941,1.58422,22.9038,22.931
10000000,101.013,87.4173,0.293581,0.0158941,1.58422,22.9143,22.931
1000,108.061,81.9837,0.417101,0.0284769,0.981785,34.0417,33.4302
10000,108.061,81.9837,0.417101,0.0284769,0.981785,33.1071,33.4302
100000,108.061,81.9837,0.417101,0.0284769,0.981785,33.4514,33.4302
1000000,108.061,81.9837,0.417101,0.0284769,0.981785,33.4542,33.4302
10000000,108.061,81.9837,0.417101,0.0284769,0.981785,33.4242,33.4302
1000,91.739,90.045,0.425643,0.015048,1.35156,20.31,19.3915
10000,91.739,90.045,0.425643,0.015048,1.35156,19.9868,19.3915
100000,91.739,90.045,0.425643,0.015048,1.35156,19.169,19.3915
1000000,91.739,90.045,0.425643,0.015048,1.35156,19.4224,19.3915
10000000,91.739,90.045,0.425643,0.015048,1.35156,19.3792,19.3915
1000,80.9622,90.0129,0.254358,0.0123057,1.86279,7.87738,8.46246
10000,80.9622,90.0129,0.254358,0.0123057,1.86279,8.69832,8.46246
100000,80.9622,90.0129,0.254358,0.0123057,1.86279,8.42161,8.46246
1000000,80.9622,90.0129,0.254358,0.0123057,1.86279,8.45752,8.46246
10000000,80.9622,90.0129,0.254358,0.0123057,1.86279,8.4728,8.46246
1000,105.544,117.412,0.440777,0.0254405,1.53126,20.4641,19.9624
10000,105.544,117.412,0.440777,0.0254405,1.53126,19.176,19.9624
100000,105.544,117.412,0.440777,0.0254405,1.53126,20.0726,19.9624
1000000,105.544,117.412,0.440777,0.0254405,1.53126,19.9444,19.9624
10000000,105.544,117.412,0.440777,0.0254405,1.53126,19.9466,19.9624
1000,109.257,111.49,0.358324,0.0113319,1.60181,21.0266,19.5053
10000,109.257,111.49,0.358324,0.0113319,1.60181,19.4385,19.5053
100000,109.257,111.49,0.358324,0.0113319,1.60181,19.3743,19.5053
1000000,109.257,111.49,0.358324,0.0113319,1.60181,19.5196,19.5053
10000000,109.257,111.49,0.358324,0.0113319,1.60181,19.4969,19.5053
1000,90.157,106.148,0.179338,0.0403664,0.506246,0.995847,0.814635
10000,90.157,106.148,0.179338,0.0403664,0.506246,0.794828,0.814635
100000,90.157,106.148,0.179338,0.0403664,0.506246,0.825544,0.814635
1000000,90.157,106.148,0.179338,0.0403664,0.506246,0.813958,0.814635
10000000,90.157,106.148,0.179338,0.0403664,0.506246,0.814907,0.814635
1000,81.8323,84.4261,0.152088,0.0470943,1.55841,7.64488,7.89998
10000,81.8323,84.4261,0.152088,0.0470943,1.55841,7.88521,7.89998
100000,81.8323,84.4261,0.152088,0.0470943,1.55841,7.88399,7.89998
1000000,81.8323,84.4261,0.152088,0.0470943,1.55841,7.87832,7.89998
10000000,81.8323,84.4261,0.152088,0.0470943,1.55841,7.89598,7.89998
1000,110.279,91.2883,0.300742,0.0498399,1.24057,28.712,28.7131
10000,110.279,91.2883,0.300742,0.0498399,1.24057,28.6382,28.7131
100000,110.279,91.2883,0.300742,0.0498399,1.24057,28.6836,28.7131
1000000,110.279,91.2883,0.300742,0.0498399,1.24057,28.7171,28.7131
10000000,110.279,91.2883,0.300742,0.0498399,1.24057,28.7248,28.7131
1000,109.391,82.6548,0.188117,0.0147404,1.25691,28.7093,28.9527
10000,109.391,82.6548,0.188117,0.0147404,1.25691,29.1744,28.9527
100000,109.391,82.6548,0.188117,0.0147404,1.25691,28.9932,28.9527
1000000,109.391,82.6548,0.188117,0.0147404,1.25691,28.9498,28.9527
10000000,109.391,82.6548,0.188117,0.0147404,1.25691,28.9499,28.9527
1000,108.03,102.395,0.142021,0.0493069,1.3946,14.3577,14.7505
10000,108.03,102.395,0.142021,0.0493069,1.3946,14.6856,14.7505
100000,108.03,102.395,0.142021,0.0493069,1.3946,14.7954,14.7505
1000000,108.03,102.395,0.142021,0.0493069,1.3946,14.7347,14.7505
10000000,108.03,102.395,0.142021,0.0493069,1.3946,14.743,14.7505
1000,89.2681,92.8671,0.256519,0.0371592,1.06352,8.86296,9.39342
10000,89.2681,92.8671,0.256519,0.0371592,1.06352,9.58111,9.39342
100000,89.2681,92.8671,0.256519,0.0371592,1.06352,9.44759,9.39342
1000000,89.2681,92.8671,0.256519,0.0371592,1.06352,9.35459,9.39342
10000000,89.2681,92.8671,0.256519,0.0371592,1.06352,9.38759,9.39342
1000,83.774,102.026,0.402889,0.03964,0.740508,6.20387,6.35777
10000,83.774,102.026,0.402889,0.03964,0.740508,6.18389,6.35777
100000,83.774,102.026,0.402889,0.03964,0.740508,6.41478,6.35777
1000000,83.774,102.026,0.402889,0.03964,0.740508,6.29625,6.35777
10000000,83.774,102.026,0.402889,0.03964,0.740508,6.36088,6.35777
1000,82.2804,101.298,0.378131,0.0179529,1.86211,11.4306,11.518
10000,82.2804,101.298,0.378131,0.0179529,1.86211,11.1173,11.518
100000,82.2804,101.298,0.378131,0.0179529,1.86211,11.6894,11.518
1000000,82.2804,101.298,0.378131,0.0179529,1.86211,11.5464,11.518
10000000,82.2804,101.298,0.378131,0.0179529,1.86211,11.5218,11.518
1000,82.6981,97.478,0.217805,0.0101852,0.725814,1.70428,1.83283
10000,82.6981,97.478,0.217805,0.0101852,0.725814,1.79687,1.83283
100000,82.6981,97.478,0.217805,0.0101852,0.725814,1.86339,1.83283
1000000,82.6981,97.478,0.217805,0.0101852,0.725814,1.83222,1.83283
10000000,82.6981,97.478,0.217805,0.0101852,0.725814,1.83135,1.83283
1000,82.6168,109.092,0.298556,0.0473721,0.246555,0.202446,0.201159
10000,82.6168,109.092,0.298556,0.0473721,0.246555,0.177914,0.201159
100000,82.6168,109.092,0.298556,0.0473721,0.246555,0.200502,0.201159
1000000,82.6168,109.092,0.298556,0.0473721,0.246555,0.199951,0.201159
10000000,82.6168,109.092,0.298556,0.0473721,0.246555,0.201043,0.201159
1000,101.603,104.814,0.457534,0.0393099,1.00649,18.8992,18.7966
10000,101.603,104.814,0.457534,0.0393099,1.00649,18.3517,18.7966
100000,101.603,104.814,0.457534,0.0393099,1.00649,18.8005,18.7966
1000000,101.603,104.814,0.457534,0.0393099,1.00649,18.8036,18.7966
10000000,101.603,104.814,0.457534,0.0393099,1.00649,18.8014,18.7966
1000,101.509,90.7497,0.355397,0.0199087,1.69968,23.5316,25.0592
10000,101.509,90.7497,0.355397,0.0199087,1.69968,25.4419,25.0592
100000,101.509,90.7497,0.355397,0.0199087,1.69968,25.0314,25.0592
1000000,101.509,90.7497,0.355397,0.0199087,1.69968,25.1047,25.0592
10000000,101.509,90.7497,0.355397,0.0199087,1.69968,25.0726,25.0592
1000,94.3302,118.793,0.276596,0.0110399,0.888065,3.04847,3.02039
10000,94.3302,118.793,0.276596,0.0110399,0.888065,2.89069,3.02039
100000,94.3302,118.793,0.276596,0.0110399,0.888065,3.0278,3.02039
1000000,94.3302,118.793,0.276596,0.0110399,0.888065,3.01829,3.02039
10000000,94.3302,118.793,0.276596,0.0110399,0.888065,3.02356,3.02039
1000,119.238,111.257,0.3096,0.0265326,0.326579,12.5439,13.3308
10000,119.238,111.257,0.3096,0.0265326,0.326579,13.2622,13.3308
100000,119.238,111.257,0.3096,0.0265326,0.326579,13.3887,13.3308
1000000,119.238,111.257,0.3096,0.0265326,0.326579,13.3129,13.3308
10000000,119.238,111.257,0.3096,0.0265326,0.326579,13.333,13.3308
1000,109.718,82.5808,0.376679,0.0404318,1.70836,38.624,38.8212
10000,109.718,82.5808,0.376679,0.0404318,1.70836,38.5975,38.8212
100000,109.718,82.5808,0.376679,0.0404318,1.70836,38.6845,38.8212
1000000,109.718,82.5808,0.376679,0.0404318,1.70836,38.8354,38.8212
10000000,109.718,82.5808,0.376679,0.0404318,1.70836,38.8258,38.8212
1000,92.0434,101.145,0.461978,0.0199897,0.225047,5.13977,4.77774
10000,92.0434,101.145,0.461978,0.0199897,0.225047,4.75711,4.77774
100000,92.0434,101.145,0.461978,0.0199897,0.225047,4.74929,4.77774
1000000,92.0434,101.145,0.461978,0.0199897,0.225047,4.76957,4.77774
10000000,92.0434,101.145,0.461978,0.0199897,0.225047,4.77932,4.77774
1000,82.0035,109.295,0.220706,0.0259354,1.69115,2.51496,2.91504
10000,82.0035,109.295,0.220706,0.0259354,1.69115,2.87411,2.91504
100000,82.0035,109.295,0.220706,0.0259354,1.69115,2.94139,2.91504
1000000,82.0035,109.295,0.220706,0.0259354,1.69115,2.92311,2.91504
10000000,82.0035,109.295,0.220706,0.0259354,1.69115,2.91381,2.91504
1000,83.1563,115.475,0.233887,0.0383682,1.77216,2.87153,3.30076
10000,83.1563,115.475,0.233887,0.0383682,1.77216,3.47638,3.30076
100000,83.1563,115.475,0.233887,0.0383682,1.77216,3.26959,3.30076
1000000,83.1563,115.475,0.233887,0.0383682,1.77216,3.27673,3.30076
10000000,83.1563,115.475,0.233887,0.0383682,1.77216,3.30443,3.30076
1000,95.6652,97.0011,0.485365,0.0184919,0.41937,12.7906,11.6922
10000,95.6652,97.0011,0.485365,0.0184919,0.41937,11.561,11.6922
100000,95.6652,97.0011,0.485365,0.0184919,0.41937,11.7086,11.6922
1000000,95.6652,97.0011,0.485365,0.0184919,0.41937,11.6968,11.6922
10000000,95.6652,97.0011,0.485365,0.0184919,0.41937,11.6901,11.6922
1000,80.6602,103.874,0.12385,0.040976,1.41183,0.449484,0.56292
10000,80.6602,103.874,0.12385,0.040976,1.41183,0.57274,0.56292
100000,80.6602,103.874,0.12385,0.040976,1.41183,0.564089,0.56292
1000000,80.6602,103.874,0.12385,0.040976,1.41183,0.562503,0.56292
10000000,80.6602,103.874,0.12385,0.040976,1.41183,0.56461,0.56292
1000,112.792,99.1832,0.421154,0.0110022,1.40246,27.9505,29.1249
10000,112.792,99.1832,0.421154,0.0110022,1.40246,29.025,29.1249
100000,112.792,99.1832,0.421154,0.0110022,1.40246,29.2252,29.1249
1000000,112.792,99.1832,0.421154,0.0110022,1.40246,29.137,29.1249
10000000,112.792,99.1832,0.421154,0.0110022,1.40246,29.1363,29.1249
1000,90.6712,86.019,0.154042,0.0164495,0.817417,8.51529,8.31112
10000,90.6712,86.019,0.154042,0.0164495,0.817417,8.23122,8.31112
100000,90.6712,86.019,0.154042,0.0164495,0.817417,8.29447,8.31112
1000000,90.6712,86.019,0.154042,0.0164495,0.817417,8.32946,8.31112
10000000,90.6712,86.019,0.154042,0.0164495,0.817417,8.31742,8.31112
1000,107.449,98.7997,0.493836,0.0188676,1.69976,30.3726,31.9282
10000,107.449,98.7997,0.493836,0.0188676,1.69976,32.806,31.9282
100000,107.449,98.7997,0.493836,0.0188676,1.69976,32.1671,31.9282
1000000,107.449,98.7997,0.493836,0.0188676,1.69976,31.9811,31.9282
10000000,107.449,98.7997,0.493836,0.0188676,1.69976,31.9376,31.9282
1000,86.5183,119.644,0.229794,0.040167,1.67976,3.01936,3.13237
10000,86.5183,119.644,0.229794,0.040167,1.67976,3.06984,3.13237
100000,86.5183,119.644,0.229794,0.040167,1.67976,3.13463,3.13237
1000000,86.5183,119.644,0.229794,0.040167,1.67976,3.15256,3.13237
10000000,86.5183,119.644,0.229794,0.040167,1.67976,3.12786,3.13237
1000,93.7362,107.633,0.43095,0.0440649,0.220366,3.36417,3.20997
10000,93.7362,107.633,0.43095,0.0440649,0.220366,3.12943,3.20997
100000,93.7362,107.633,0.43095,0.0440649,0.220366,3.21794,3.20997
1000000,93.7362,107.633,0.43095,0.0440649,0.220366,3.21241,3.20997
10000000,93.7362,107.633,0.43095,0.0440649,0.220366,3.21345,3.20997
1000,93.6796,103.023,0.34055,0.0135168,1.33261,11.4966,11.7176
10000,93.6796,103.023,0.34055,0.0135168,1.33261,12.1263,11.7176
100000,93.6796,103.023,0.34055,0.0135168,1.33261,11.8327,11.7176
1000000,93.6796,103.023,0.34055,0.0135168,1.33261,11.6685,11.7176
10000000,93.6796,103.023,0.34055,0.0135168,1.33261,11.7101,11.7176
1000,83.5787,99.565,0.44206,0.0433993,0.756933,7.45274,8.24788
10000,83.5787,99.565,0.44206,0.0433993,0.756933,8.53224,8.24788
100000,83.5787,99.565,0.44206,0.0433993,0.756933,8.30557,8.24788
1000000,83.5787,99.565,0.44206,0.0433993,0.756933,8.24451,8.24788
10000000,83.5787,99.565,0.44206,0.0433993,0.756933,8.242,8.24788
1000,103.732,90.233,0.497642,0.0487394,1.51782,34.3658,33.8521
10000,103.732,90.233,0.497642,0.0487394,1.51782,34.0387,33.8521
100000,103.732,90.233,0.497642,0.0487394,1.51782,33.8035,33.8521
1000000,103.732,90.233,0.497642,0.0487394,1.51782,33.8644,33.8521
10000000,103.732,90.233,0.497642,0.0487394,1.51782,33.8475,33.8521
1000,83.5918,98.6524,0.296043,0.0319446,1.99482,9.50055,10.5251
10000,83.5918,98.6524,0.296043,0.0319446,1.99482,10.5042,10.5251
100000,83.5918,98.6524,0.296043,0.0319446,1.99482,10.5519,10.5251
1000000,83.5918,98.6524,0.296043,0.0319446,1.99482,10.4822,10.5251
10000000,83.5918,98.6524,0.296043,0.0319446,1.99482,10.5406,10.5251
1000,110.516,114.132,0.329583,0.0451647,0.288699,6.50647,6.84983
10000,110.516,114.132,0.329583,0.0451647,0.288699,6.93799,6.84983
100000,110.516,114.132,0.329583,0.0451647,0.288699,6.85129,6.84983
1000000,110.516,114.132,0.329583,0.0451647,0.288699,6.85894,6.84983
10000000,110.516,114.132,0.329583,0.0451647,0.288699,6.85397,6.84983
1000,102.152,106.644,0.426601,0.0189192,0.117594,4.21301,4.18753
10000,102.152,106.644,0.426601,0.0189192,0.117594,4.17907,4.18753
100000,102.152,106.644,0.426601,0.0189192,0.117594,4.19787,4.18753
1000000,102.152,106.644,0.426601,0.0189192,0.117594,4.19532,4.18753
10000000,102.152,106.644,0.426601,0.0189192,0.117594,4.18969,4.18753
1000,95.482,90.7778,0.158789,0.0189366,0.616745,8.28621,8.04316
10000,95.482,90.7778,0.158789,0.0189366,0.616745,7.83754,8.04316
100000,95.482,90.7778,0.158789,0.0189366,0.616745,8.0584,8.04316
1000000,95.482,90.7778,0.158789,0.0189366,0.616745,8.05857,8.04316
10000000,95.482,90.7778,0.158789,0.0189366,0.616745,8.04443,8.04316
1000,108.132,92.899,0.484276,0.0279873,0.305341,20.6712,20.5114
10000,108.132,92.899,0.484276,0.0279873,0.305341,20.3075,20.5114
100000,108.132,92.899,0.484276,0.0279873,0.305341,20.5375,20.5114
1000000,108.132,92.899,0.484276,0.0279873,0.305341,20.5258,20.5114
10000000,108.132,92.899,0.484276,0.0279873,0.305341,20.5186,20.5114
1000,83.2356,95.9552,0.448494,0.0351825,1.11073,12.4289,12.2555
10000,83.2356,95.9552,0.448494,0.0351825,1.11073,12.7291,12.2555
100000,83.2356,95.9552,0.448494,0.0351825,1.11073,12.3205,12.2555
1000000,83.2356,95.9552,0.448494,0.0351825,1.11073,12.2403,12.2555
10000000,83.2356,95.9552,0.448494,0.0351825,1.11073,12.2565,12.2555
1000,86.956,96.5936,0.279261,0.0440546,1.84748,12.7808,12.2281
10000,86.956,96.5936,0.279261,0.0440546,1.84748,11.9764,12.2281
100000,86.956,96.5936,0.279261,0.0440546,1.84748,12.2841,12.2281
1000000,86.956,96.5936,0.279261,0.0440546,1.84748,12.2219,12.2281
10000000,86.956,96.5936,0.279261,0.0440546,1.84748,12.2274,12.2281
1000,98.6519,107.938,0.152511,0.0341871,0.940844,3.94759,3.50543
10000,98.6519,107.938,0.152511,0.0341871,0.940844,3.47617,3.50543
100000,98.6519,107.938,0.152511,0.0341871,0.940844,3.51608,3.50543
1000000,98.6519,107.938,0.152511,0.0341871,0.940844,3.51126,3.50543
10000000,98.6519,107.938,0.152511,0.0341871,0.940844,3.50688,3.50543
1000,92.0166,93.046,0.309601,0.0199656,1.01371,11.1672,11.7673
10000,92.0166,93.046,0.309601,0.0199656,1.01371,11.5227,11.7673
100000,92.0166,93.046,0.309601,0.0199656,1.01371,11.7642,11.7673
1000000,92.0166,93.046,0.309601,0.0199656,1.01371,11.7826,11.7673
10000000,92.0166,93.046,0.309601,0.0199656,1.01371,11.7555,11.7673
1000,87.9065,83.6211,0.444834,0.0218502,1.40703,22.6587,21.1919
10000,87.9065,83.6211,0.444834,0.0218502,1.40703,21.5598,21.1919
100000,87.9065,83.6211,0.444834,0.0218502,1.40703,21.1306,21.1919
1000000,87.9065,83.6211,0.444834,0.0218502,1.40703,21.2167,21.1919
10000000,87.9065,83.6211,0.444834,0.0218502,1.40703,21.2189,21.1919
1000,83.7388,96.5342,0.49838,0.0245342,1.31904,13.8261,15.4541
10000,83.7388,96.5342,0.49838,0.0245342,1.31904,15.5357,15.4541
100000,83.7388,96.5342,0.49838,0.0245342,1.31904,15.5193,15.4541
1000000,83.7388,96.5342,0.49838,0.0245342,1.31904,15.4477,15.4541
10000000,83.7388,96.5342,0.49838,0.0245342,1.31904,15.4533,15.4541
1000,93.1952,113.502,0.314531,0.0199508,1.23261,6.90479,7.02753
10000,93.1952,113.502,0.314531,0.0199508,1.23261,7.23632,7.02753
100000,93.1952,113.502,0.314531,0.0199508,1.23261,7.0779,7.02753
1000000,93.1952,113.502,0.314531,0.0199508,1.23261,7.06291,7.02753
10000000,93.1952,113.502,0.314531,0.0199508,1.23261,7.02691,7.02753
1000,96.685,115.989,0.126176,0.0419925,1.75891,2.72134,2.6641
10000,96.685,115.989,0.126176,0.0419925,1.75891,2.6587,2.6641
100000,96.685,115.989,0.126176,0.0419925,1.75891,2.67808,2.6641
1000000,96.685,115.989,0.126176,0.0419925,1.75891,2.67697,2.6641
10000000,96.685,115.989,0.126176,0.0419925,1.75891,2.66496,2.6641
1000,107.927,107.092,0.156774,0.0196496,1.31513,10.1543,9.51833
10000,107.927,107.092,0.156774,0.0196496,1.31513,9.44409,9.51833
100000,107.927,107.092,0.156774,0.0196496,1.31513,9.57525,9.51833
1000000,107.927,107.092,0.156774,0.0196496,1.31513,9.50816,9.51833
10000000,107.927,107.092,0.156774,0.0196496,1.31513,9.52444,9.51833
1000,81.1018,93.2734,0.333773,0.0360801,0.349538,2.58425,2.66617
10000,81.1018,93.2734,0.333773,0.0360801,0.349538,2.74445,2.66617
100000,81.1018,93.2734,0.333773,0.0360801,0.349538,2.66697,2.66617
1000000,81.1018,93.2734,0.333773,0.0360801,0.349538,2.67355,2.66617
10000000,81.1018,93.2734,0.333773,0.0360801,0.349538,2.66287,2.66617
1000,101.096,110.703,0.428067,0.0400509,1.18422,16.1914,16.873
10000,101.096,110.703,0.428067,0.0400509,1.18422,17.4518,16.873
100000,101.096,110.703,0.428067,0.0400509,1.18422,16.8399,16.873
1000000,101.096,110.703,0.428067,0.0400509,1.18422,16.8797,16.873
10000000,101.096,110.703,0.428067,0.0400509,1.18422,16.8738,16.873
1000,96.9303,105.046,0.199277,0.0392835,1.68446,9.01611,9.3654
10000,96.9303,105.046,0.199277,0.0392835,1.68446,9.53684,9.3654
100000,96.9303,105.046,0.199277,0.0392835,1.68446,9.34718,9.3654
1000000,96.9303,105.046,0.199277,0.0392835,1.68446,9.35508,9.3654
10000000,96.9303,105.046,0.199277,0.0392835,1.68446,9.36708,9.3654
1000,96.9677,108.063,0.440069,0.0161517,1.94557,20.4013,20.6209
10000,96.9677,108.063,0.440069,0.0161517,1.94557,20.5681,20.6209
100000,96.9677,108.063,0.440069,0.0161517,1.94557,20.3581,20.6209
1000000,96.9677,108.063,0.440069,0.0161517,1.94557,20.5766,20.6209
10000000,96.9677,108.063,0.440069,0.0161517,1.94557,20.6357,20.6209
1000,114.822,108.043,0.120213,0.0295608,1.08628,12.1283,12.0179
10000,114.822,108.043,0.120213,0.0295608,1.08628,12.1478,12.0179
100000,114.822,108.043,0.120213,0.0295608,1.08628,12.0462,12.0179
1000000,114.822,108.043,0.120213,0.0295608,1.08628,12.0172,12.0179
10000000,114.822,108.043,0.120213,0.0295608,1.08628,12.0212,12.0179
1000,108.754,117.621,0.314944,0.0185787,0.946145,9.91492,10.5118
10000,108.754,117.621,0.314944,0.0185787,0.946145,10.814,10.5118
100000,108.754,117.621,0.314944,0.0185787,0.946145,10.423,10.5118
1000000,108.754,117.621,0.314944,0.0185787,0.946145,10.5261,10.5118
10000000,108.754,117.621,0.314944,0.0185787,0.946145,10.5197,10.5118
1000,86.854,92.8864,0.120303,0.0160388,0.897507,2.20047,2.12747
10000,86.854,92.8864,0.120303,0.0160388,0.897507,2.09704,2.12747
100000,86.854,92.8864,0.120303,0.0160388,0.897507,2.10763,2.12747
1000000,86.854,92.8864,0.120303,0.0160388,0.897507,2.12301,2.12747
10000000,86.854,92.8864,0.120303,0.0160388,0.897507,2.12696,2.12747
1000,94.3794,115.448,0.19524,0.0281389,0.64477,0.956184,0.966165
10000,94.3794,115.448,0.19524,0.0281389,0.64477,0.968946,0.966165
100000,94.3794,115.448,0.19524,0.0281389,0.64477,0.952925,0.966165
1000000,94.3794,115.448,0.19524,0.0281389,0.64477,0.963225,0.966165
10000000,94.3794,115.448,0.19524,0.0281389,0.64477,0.965647,0.966165
1000,105.531,89.605,0.41865,0.0164577,0.223331,18.5116,18.3777
10000,105.531,89.605,0.41865,0.0164577,0.223331,18.586,18.3777
100000,105.531,89.605,0.41865,0.0164577,0.223331,18.3136,18.3777
1000000,105.531,89.605,0.41865,0.0164577,0.223331,18.4015,18.3777
10000000,105.531,89.605,0.41865,0.0164577,0.223331,18.3767,18.3777
1000,80.6241,81.0992,0.241827,0.0304209,1.28703,10.2685,10.0351
10000,80.6241,81.0992,0.241827,0.0304209,1.28703,10.0087,10.0351
100000,80.6241,81.0992,0.241827,0.0304209,1.28703,9.98294,10.0351
1000000,80.6241,81.0992,0.241827,0.0304209,1.28703,10.0128,10.0351
10000000,80.6241,81.0992,0.241827,0.0304209,1.28703,10.0461,10.0351
1000,111.844,113.4,0.336103,0.0217077,0.703159,13.5581,12.6058
10000,111.844,113.4,0.336103,0.0217077,0.703159,12.6191,12.6058
100000,111.844,113.4,0.336103,0.0217077,0.703159,12.6583,12.6058
1000000,111.844,113.4,0.336103,0.0217077,0.703159,12.622,12.6058
10000000,111.844,113.4,0.336103,0.0217077,0.703159,12.602,12.6058
1000,80.8191,97.5519,0.202173,0.0229998,0.249412,0.1675,0.125305
10000,80.8191,97.5519,0.202173,0.0229998,0.249412,0.121035,0.125305
100000,80.8191,97.5519,0.202173,0.0229998,0.249412,0.123073,0.125305
1000000,80.8191,97.5519,0.202173,0.0229998,0.249412,0.125419,0.125305
10000000,80.8191,97.5519,0.202173,0.0229998,0.249412,0.125634,0.125305
1000,85.9885,116.033,0.390655,0.0482408,0.141327,0.0655456,0.125873
10000,85.9885,116.033,0.390655,0.0482408,0.141327,0.138208,0.125873
100000,85.9885,116.033,0.390655,0.0482408,0.141327,0.126176,0.125873
1000000,85.9885,116.033,0.390655,0.0482408,0.141327,0.126185,0.125873
10000000,85.9885,116.033,0.390655,0.0482408,0.141327,0.125355,0.125873
1000,116.874,87.747,0.201752,0.0471591,0.270521,30.3403,30.2457
10000,116.874,87.747,0.201752,0.0471591,0.270521,30.4452,30.2457
100000,116.874,87.747,0.201752,0.0471591,0.270521,30.2507,30.2457
1000000,116.874,87.747,0.201752,0.0471591,0.270521,30.2641,30.2457
10000000,116.874,87.747,0.201752,0.0471591,0.270521,30.2427,30.2457
1000,87.5157,116.015,0.187764,0.0202053,0.202589,0.00561494,0.00113449
10000,87.5157,116.015,0.187764,0.0202053,0.202589,0.00107672,0.00113449
100000,87.5157,116.015,0.187764,0.0202053,0.202589,0.0012848,0.00113449
1000000,87.5157,116.015,0.187764,0.0202053,0.202589,0.00115653,0.00113449
10000000,87.5157,116.015,0.187764,0.0202053,0.202589,0.00109758,0.00113449
1000,117.705,92.082,0.36426,0.0204025,1.51459,35.9278,35.8671
10000,117.705,92.082,0.36426,0.0204025,1.51459,34.7866,35.8671
100000,117.705,92.082,0.36426,0.0204025,1.51459,36.108,35.8671
1000000,117.705,92.082,0.36426,0.0204025,1.51459,35.8981,35.8671
10000000,117.705,92.082,0.36426,0.0204025,1.51459,35.8683,35.8671
1000,86.995,115.788,0.369341,0.0377905,1.62226,8.48648,9.25008
10000,86.995,115.788,0.369341,0.0377905,1.62226,9.10374,9.25008
100000,86.995,115.788,0.369341,0.0377905,1.62226,9.35016,9.25008
1000000,86.995,115.788,0.369341,0.0377905,1.62226,9.23959,9.25008
10000000,86.995,115.788,0.369341,0.0377905,1.62226,9.25322,9.25008
1000,104.601,106.304,0.468877,0.0231125,1.08757,22.1011,20.5842
10000,104.601,106.304,0.468877,0.0231125,1.08757,20.2609,20.5842
100000,104.601,106.304,0.468877,0.0231125,1.08757,20.2861,20.5842
1000000,104.601,106.304,0.468877,0.0231125,1.08757,20.6186,20.5842
10000000,104.601,106.304,0.468877,0.0231125,1.08757,20.5892,20.5842
1000,116.086,97.0491,0.313915,0.03357,1.35084,29.7623,29.5128
10000,116.086,97.0491,0.313915,0.03357,1.35084,29.5959,29.5128
100000,116.086,97.0491,0.313915,0.03357,1.35084,29.6315,29.5128
1000000,116.086,97.0491,0.313915,0.03357,1.35084,29.5827,29.5128
10000000,116.086,97.0491,0.313915,0.03357,1.35084,29.5208,29.5128
1000,97.7932,115.978,0.434476,0.0139838,1.13726,13.6605,12.2864
10000,97.7932,115.978,0.434476,0.0139838,1.13726,12.1715,12.2864
100000,97.7932,115.978,0.434476,0.0139838,1.13726,12.3938,12.2864
1000000,97.7932,115.978,0.434476,0.0139838,1.13726,12.2516,12.2864
10000000,97.7932,115.978,0.434476,0.0139838,1.13726,12.2811,12.2864
1000,102.796,81.4673,0.183194,0.0318376,1.64374,26.4192,26.6211
10000,102.796,81.4673,0.183194,0.0318376,1.64374,26.6719,26.6211
100000,102.796,81.4673,0.183194,0.0318376,1.64374,26.6331,26.6211
1000000,102.796,81.4673,0.183194,0.0318376,1.64374,26.6136,26.6211
10000000,102.796,81.4673,0.183194,0.0318376,1.64374,26.6159,26.6211
1000,95.9178,107.582,0.411263,0.0458078,1.40887,15.8499,16.6002
10000,95.9178,107.582,0.411263,0.0458078,1.40887,17.43,16.6002
100000,95.9178,107.582,0.411263,0.0458078,1.40887,16.5998,16.6002
1000000,95.9178,107.582,0.411263,0.0458078,1.40887,16.5853,16.6002
10000000,95.9178,107.582,0.411263,0.0458078,1.40887,16.5905,16.6002
1000,80.6553,91.2605,0.13522,0.0343809,0.66241,0.888055,0.910286
10000,80.6553,91.2605,0.13522,0.0343809,0.66241,0.903322,0.910286
100000,80.6553,91.2605,0.13522,0.0343809,0.66241,0.912837,0.910286
1000000,80.6553,91.2605,0.13522,0.0343809,0.66241,0.909524,0.910286
10000000,80.6553,91.2605,0.13522,0.0343809,0.66241,0.910176,0.910286
1000,99.0253,85.4027,0.102548,0.0419118,0.257508,14.6349,14.5408
10000,99.0253,85.4027,0.102548,0.0419118,0.257508,14.506,14.5408
100000,99.0253,85.4027,0.102548,0.0419118,0.257508,14.55,14.5408
1000000,99.0253,85.4027,0.102548,0.0419118,0.257508,14.5406,14.5408
10000000,99.0253,85.4027,0.102548,0.0419118,0.257508,14.5398,14.5408
1000,108.268,99.6497,0.165953,0.0274079,0.180983,9.73049,9.48512
10000,108.268,99.6497,0.165953,0.0274079,0.180983,9.55118,9.48512
100000,108.268,99.6497,0.165953,0.0274079,0.180983,9.49088,9.48512
1000000,108.268,99.6497,0.165953,0.0274079,0.180983,9.48281,9.48512
10000000,108.268,99.6497,0.165953,0.0274079,0.180983,9.48673,9.48512
1000,87.4766,99.5736,0.471582,0.0398224,1.25286,16.8927,15.5487
10000,87.4766,99.5736,0.471582,0.0398224,1.25286,14.9471,15.5487
100000,87.4766,99.5736,0.471582,0.0398224,1.25286,15.491,15.5487
1000000,87.4766,99.5736,0.471582,0.0398224,1.25286,15.5076,15.5487
10000000,87.4766,99.5736,0.471582,0.0398224,1.25286,15.5175,15.5487
1000,119.33,81.9999,0.448361,0.0337205,0.496654,41.912,40.2779
10000,119.33,81.9999,0.448361,0.0337205,0.496654,40.2556,40.2779
100000,119.33,81.9999,0.448361,0.0337205,0.496654,40.2792,40.2779
1000000,119.33,81.9999,0.448361,0.0337205,0.496654,40.2814,40.2779
10000000,119.33,81.9999,0.448361,0.0337205,0.496654,40.2779,40.2779
1000,96.5989,111.034,0.249283,0.0315028,0.253277,1.02936,0.984747
10000,96.5989,111.034,0.249283,0.0315028,0.253277,1.02862,0.984747
100000,96.5989,111.034,0.249283,0.0315028,0.253277,0.976824,0.984747
1000000,96.5989,111.034,0.249283,0.0315028,0.253277,0.984003,0.984747
10000000,96.5989,111.034,0.249283,0.0315028,0.253277,0.984764,0.984747
1000,109.178,118.155,0.417797,0.0297157,1.8009,22.093,23.0304
10000,109.178,118.155,0.417797,0.0297157,1.8009,23.3992,23.0304
100000,109.178,118.155,0.417797,0.0297157,1.8009,23.2505,23.0304
1000000,109.178,118.155,0.417797,0.0297157,1.8009,23.1408,23.0304
10000000,109.178,118.155,0.417797,0.0297157,1.8009,23.0358,23.0304
1000,97.2694,109.166,0.254821,0.0357955,1.29071,7.79395,8.43923
10000,97.2694,109.166,0.254821,0.0357955,1.29071,8.57239,8.43923
100000,97.2694,109.166,0.254821,0.0357955,1.29071,8.49606,8.43923
1000000,97.2694,109.166,0.254821,0.0357955,1.29071,8.4398,8.43923
10000000,97.2694,109.166,0.254821,0.0357955,1.29071,8.4442,8.43923
1000,116.288,114.608,0.389351,0.0470626,1.19031,22.8243,23.1116
10000,116.288,114.608,0.389351,0.0470626,1.19031,23.1486,23.1116
100000,116.288,114.608,0.389351,0.0470626,1.19031,23.0972,23.1116
1000000,116.288,114.608,0.389351,0.0470626,1.19031,23.1369,23.1116
10000000,116.288,114.608,0.389351,0.0470626,1.19031,23.1102,23.1116
1000,115.511,111.637,0.1748,0.0169021,0.656488,8.98384,9.25201
10000,115.511,111.637,0.1748,0.0169021,0.656488,9.63051,9.25201
100000,115.511,111.637,0.1748,0.0169021,0.656488,9.25145,9.25201
1000000,115.511,111.637,0.1748,0.0169021,0.656488,9.26244,9.25201
10000000,115.511,111.637,0.1748,0.0169021,0.656488,9.25007,9.25201
1000,109.287,93.4645,0.309082,0.0258987,0.757473,22.2287,21.7703
10000,109.287,93.4645,0.309082,0.0258987,0.757473,22.2083,21.7703
100000,109.287,93.4645,0.309082,0.0258987,0.757473,21.7357,21.7703
1000000,109.287,93.4645,0.309082,0.0258987,0.757473,21.7959,21.7703
10000000,109.287,93.4645,0.309082,0.0258987,0.757473,21.7601,21.7703
1000,108.703,93.6431,0.43736,0.036672,1.30918,31.0241,30.7417
10000,108.703,93.6431,0.43736,0.036672,1.30918,30.8179,30.7417
100000,108.703,93.6431,0.43736,0.036672,1.30918,30.6478,30.7417
1000000,108.703,93.6431,0.43736,0.036672,1.30918,30.8095,30.7417
10000000,108.703,93.6431,0.43736,0.036672,1.30918,30.7231,30.7417
1000,87.0692,105.468,0.203595,0.0230727,1.19604,2.57549,2.81264
10000,87.0692,105.468,0.203595,0.0230727,1.19604,2.68717,2.81264
100000,87.0692,105.468,0.203595,0.0230727,1.19604,2.82424,2.81264
1000000,87.0692,105.468,0.203595,0.0230727,1.19604,2.81539,2.81264
10000000,87.0692,105.468,0.203595,0.0230727,1.19604,2.80916,2.81264
1000,87.8064,104.188,0.19889,0.0436955,1.5178,4.93483,4.99469
10000,87.8064,104.188,0.19889,0.0436955,1.5178,4.84623,4.99469
100000,87.8064,104.188,0.19889,0.0436955,1.5178,5.00495,4.99469
1000000,87.8064,104.188,0.19889,0.0436955,1.5178,4.99673,4.99469
10000000,87.8064,104.188,0.19889,0.0436955,1.5178,4.98938,4.99469
1000,82.3963,105.787,0.176233,0.0262806,1.42002,1.69732,1.56105
10000,82.3963,105.787,0.176233,0.0262806,1.42002,1.48822,1.56105
100000,82.3963,105.787,0.176233,0.0262806,1.42002,1.54911,1.56105
1000000,82.3963,105.787,0.176233,0.0262806,1.42002,1.56211,1.56105
10000000,82.3963,105.787,0.176233,0.0262806,1.42002,1.56106,1.56105
1000,104.793,86.7484,0.308122,0.0132107,1.98992,28.0269,28.3483
10000,104.793,86.7484,0.308122,0.0132107,1.98992,28.1461,28.3483
100000,104.793,86.7484,0.308122,0.0132107,1.98992,28.3383,28.3483
1000000,104.793,86.7484,0.308122,0.0132107,1.98992,28.3411,28.3483
10000000,104.793,86.7484,0.308122,0.0132107,1.98992,28.3365,28.3483
1000,109.725,95.9183,0.491854,0.0148079,1.02155,30.764,28.5467
10000,109.725,95.9183,0.491854,0.0148079,1.02155,28.4843,28.5467
100000,109.725,95.9183,0.491854,0.0148079,1.02155,28.6687,28.5467
1000000,109.725,95.9183,0.491854,0.0148079,1.02155,28.5337,28.5467
10000000,109.725,95.9183,0.491854,0.0148079,1.02155,28.5674,28.5467
1000,107.468,112.749,0.435178,0.0137155,1.51043,19.6279,21.5169
10000,107.468,112.749,0.435178,0.0137155,1.51043,21.4417,21.5169
100000,107.468,112.749,0.435178,0.0137155,1.51043,21.7258,21.5169
1000000,107.468,112.749,0.435178,0.0137155,1.51043,21.5116,21.5169
10000000,107.468,112.749,0.435178,0.0137155,1.51043,21.5343,21.5169
1000,82.8193,92.0033,0.339543,0.0341121,0.896749,8.4994,8.0729
10000,82.8193,92.0033,0.339543,0.0341121,0.896749,8.00517,8.0729
100000,82.8193,92.0033,0.339543,0.0341121,0.896749,8.0943,8.0729
1000000,82.8193,92.0033,0.339543,0.0341121,0.896749,8.09373,8.0729
10000000,82.8193,92.0033,0.339543,0.0341121,0.896749,8.0772,8.0729
1000,92.5508,113.079,0.375189,0.046741,0.998909,9.82311,8.43929
10000,92.5508,113.079,0.375189,0.046741,0.998909,8.74126,8.43929
100000,92.5508,113.079,0.375189,0.046741,0.998909,8.30541,8.43929
1000000,92.5508,113.079,0.375189,0.046741,0.998909,8.43044,8.43929
10000000,92.5508,113.079,0.375189,0.046741,0.998909,8.43902,8.43929
1000,99.684,92.1513,0.299028,0.0307885,0.158965,9.33241,9.60938
10000,99.684,92.1513,0.299028,0.0307885,0.158965,9.60163,9.60938
100000,99.684,92.1513,0.299028,0.0307885,0.158965,9.58561,9.60938
1000000,99.684,92.1513,0.299028,0.0307885,0.158965,9.60453,9.60938
10000000,99.684,92.1513,0.299028,0.0307885,0.158965,9.60896,9.60938
1000,107.603,114.787,0.296866,0.0404942,0.886695,10.6854,10.6312
10000,107.603,114.787,0.296866,0.0404942,0.886695,10.6938,10.6312
100000,107.603,114.787,0.296866,0.0404942,0.886695,10.6006,10.6312
1000000,107.603,114.787,0.296866,0.0404942,0.886695,10.6334,10.6312
10000000,107.603,114.787,0.296866,0.0404942,0.886695,10.6254,10.6312
1000,87.4664,106.675,0.310733,0.0410188,0.400414,1.91858,1.79747
10000,87.4664,106.675,0.310733,0.0410188,0.400414,1.74624,1.79747
100000,87.4664,106.675,0.310733,0.0410188,0.400414,1.78311,1.79747
1000000,87.4664,106.675,0.310733,0.0410188,0.400414,1.80153,1.79747
10000000,87.4664,106.675,0.310733,0.0410188,0.400414,1.79593,1.79747
1000,105.676,118.159,0.392352,0.0461644,1.85992,21.3045,21.2287
10000,105.676,118.159,0.392352,0.0461644,1.85992,21.6097,21.2287
100000,105.676,118.159,0.392352,0.0461644,1.85992,21.135,21.2287
1000000,105.676,118.159,0.392352,0.0461644,1.85992,21.2252,21.2287
10000000,105.676,118.159,0.392352,0.0461644,1.85992,21.2371,21.2287
1000,86.3137,117.278,0.463938,0.0107608,1.62964,11.6209,11.6428
10000,86.3137,117.278,0.463938,0.0107608,1.62964,11.9685,11.6428
100000,86.3137,117.278,0.463938,0.0107608,1.62964,11.7161,11.6428
1000000,86.3137,117.278,0.463938,0.0107608,1.62964,11.629,11.6428
10000000,86.3137,117.278,0.463938,0.0107608,1.62964,11.6551,11.6428
1000,100.124,100.248,0.452157,0.0410539,0.99781,16.8343,19.5569
10000,100.124,100.248,0.452157,0.0410539,0.99781,19.931,19.5569
100000,100.124,100.248,0.452157,0.0410539,0.99781,19.5186,19.5569
1000000,100.124,100.248,0.452157,0.0410539,0.99781,19.5422,19.5569
10000000,100.124,100.248,0.452157,0.0410539,0.99781,19.5592,19.5569
1000,101.044,106.69,0.276556,0.0157691,1.99101,14.0502,14.6658
10000,101.044,106.69,0.276556,0.0157691,1.99101,15.1109,14.6658
100000,101.044,106.69,0.276556,0.0157691,1.99101,14.554,14.6658
1000000,101.044,106.69,0.276556,0.0157691,1.99101,14.6391,14.6658
10000000,101.044,106.69,0.276556,0.0157691,1.99101,14.6684,14.6658
1000,118.699,103.06,0.341795,0.0244608,1.1669,27.2383,26.9397
10000,118.699,103.06,0.341795,0.0244608,1.1669,26.5784,26.9397
100000,118.699,103.06,0.341795,0.0244608,1.1669,26.8129,26.9397
1000000,118.699,103.06,0.341795,0.0244608,1.1669,26.9409,26.9397
10000000,118.699,103.06,0.341795,0.0244608,1.1669,26.9184,26.9397
1000,101.769,95.6534,0.481881,0.0458293,0.265975,14.0814,13.7683
10000,101.769,95.6534,0.481881,0.0458293,0.265975,13.6431,13.7683
100000,101.769,95.6534,0.481881,0.0458293,0.265975,13.7083,13.7683
1000000,101.769,95.6534,0.481881,0.0458293,0.265975,13.7943,13.7683
10000000,101.769,95.6534,0.481881,0.0458293,0.265975,13.7727,13.7683
1000,90.0437,110.529,0.274399,0.0467117,1.35342,5.88911,6.61093
10000,90.0437,110.529,0.274399,0.0467117,1.35342,6.639,6.61093
100000,90.0437,110.529,0.274399,0.0467117,1.35342,6.55616,6.61093
1000000,90.0437,110.529,0.274399,0.0467117,1.35342,6.59432,6.61093
10000000,90.0437,110.529,0.274399,0.0467117,1.35342,6.61557,6.61093
1000,89.2699,93.0475,0.38472,0.036133,0.138287,3.68028,3.69539
10000,89.2699,93.0475,0.38472,0.036133,0.138287,3.64165,3.69539
100000,89.2699,93.0475,0.38472,0.036133,0.138287,3.65467,3.69539
1000000,89.2699,93.0475,0.38472,0.036133,0.138287,3.69344,3.69539
10000000,89.2699,93.0475,0.38472,0.036133,0.138287,3.69721,3.69539
1000,87.2622,83.5425,0.437,0.0253618,1.97778,23.6767,24.25
10000,87.2622,83.5425,0.437,0.0253618,1.97778,23.6417,24.25
100000,87.2622,83.5425,0.437,0.0253618,1.97778,24.2725,24.25
1000000,87.2622,83.5425,0.437,0.0253618,1.97778,24.2525,24.25
10000000,87.2622,83.5425,0.437,0.0253618,1.97778,24.24,24.25
1000,114.4,112.904,0.200543,0.0490719,0.239376,6.13608,5.97033
10000,114.4,112.904,0.200543,0.0490719,0.239376,6.04701,5.97033
100000,114.4,112.904,0.200543,0.0490719,0.239376,5.97432,5.97033
1000000,114.4,112.904,0.200543,0.0490719,0.239376,5.96805,5.97033
10000000,114.4,112.904,0.200543,0.0490719,0.239376,5.96937,5.97033
1000,97.4713,118.697,0.275451,0.0234903,1.59683,8.88232,7.69438
10000,97.4713,118.697,0.275451,0.0234903,1.59683,7.5519,7.69438
100000,97.4713,118.697,0.275451,0.0234903,1.59683,7.75451,7.69438
1000000,97.4713,118.697,0.275451,0.0234903,1.59683,7.6761,7.69438
10000000,97.4713,118.697,0.275451,0.0234903,1.59683,7.69088,7.69438
1000,101.976,111.319,0.109479,0.0310656,1.38378,3.11303,3.34438
10000,101.976,111.319,0.109479,0.0310656,1.38378,3.33179,3.34438
100000,101.976,111.319,0.109479,0.0310656,1.38378,3.40047,3.34438
1000000,101.976,111.319,0.109479,0.0310656,1.38378,3.3343,3.34438
10000000,101.976,111.319,0.109479,0.0310656,1.38378,3.34344,3.34438
1000,111.779,101.045,0.226019,0.0270929,1.32105,18.8022,19.4108
10000,111.779,101.045,0.226019,0.0270929,1.32105,19.4595,19.4108
100000,111.779,101.045,0.226019,0.0270929,1.32105,19.4877,19.4108
1000000,111.779,101.045,0.226019,0.0270929,1.32105,19.431,19.4108
10000000,111.779,101.045,0.226019,0.0270929,1.32105,19.4141,19.4108
1000,117.565,97.6046,0.279565,0.0261719,1.05598,27.0951,26.6203
10000,117.565,97.6046,0.279565,0.0261719,1.05598,27.0779,26.6203
100000,117.565,97.6046,0.279565,0.0261719,1.05598,26.6442,26.6203
1000000,117.565,97.6046,0.279565,0.0261719,1.05598,26.6297,26.6203
10000000,117.565,97.6046,0.279565,0.0261719,1.05598,26.6121,26.6203
1000,108.813,91.0655,0.23311,0.0406693,1.20246,25.0002,24.6306
10000,108.813,91.0655,0.23311,0.0406693,1.20246,24.4007,24.6306
100000,108.813,91.0655,0.23311,0.0406693,1.20246,24.6224,24.6306
1000000,108.813,91.0655,0.23311,0.0406693,1.20246,24.6351,24.6306
10000000,108.813,91.0655,0.23311,0.0406693,1.20246,24.6337,24.6306
1000,99.7295,83.4652,0.362806,0.0363741,1.08535,24.4447,25.373
10000,99.7295,83.4652,0.362806,0.0363741,1.08535,25.6306,25.373
100000,99.7295,83.4652,0.362806,0.0363741,1.08535,25.2789,25.373
1000000,99.7295,83.4652,0.362806,0.0363741,1.08535,25.3421,25.373
10000000,99.7295,83.4652,0.362806,0.0363741,1.08535,25.3612,25.373
1000,109.381,87.7524,0.398202,0.0492302,1.88819,38.992,38.2642
10000,109.381,87.7524,0.398202,0.0492302,1.88819,38.59,38.2642
100000,109.381,87.7524,0.398202,0.0492302,1.88819,38.196,38.2642
1000000,109.381,87.7524,0.398202,0.0492302,1.88819,38.2784,38.2642
10000000,109.381,87.7524,0.398202,0.0492302,1.88819,38.2519,38.2642
1000,91.955,111.11,0.310157,0.0281236,1.50018,7.66471,8.75753
10000,91.955,111.11,0.310157,0.0281236,1.50018,8.79018,8.75753
100000,91.955,111.11,0.310157,0.0281236,1.50018,8.65723,8.75753
1000000,91.955,111.11,0.310157,0.0281236,1.50018,8.76877,8.75753
10000000,91.955,111.11,0.310157,0.0281236,1.50018,8.76334,8.75753
1000,108.511,117.784,0.311607,0.0247606,1.76285,16.2121,16.0861
10000,108.511,117.784,0.311607,0.0247606,1.76285,16.1006,16.0861
100000,108.511,117.784,0.311607,0.0247606,1.76285,16.3085,16.0861
1000000,108.511,117.784,0.311607,0.0247606,1.76285,16.1064,16.0861
10000000,108.511,117.784,0.311607,0.0247606,1.76285,16.0904,16.0861
1000,84.0694,119.555,0.115025,0.0174644,0.80357,0,0.00141312
10000,84.0694,119.555,0.115025,0.0174644,0.80357,0.000850848,0.00141312
100000,84.0694,119.555,0.115025,0.0174644,0.80357,0.00144075,0.00141312
1000000,84.0694,119.555,0.115025,0.0174644,0.80357,0.00154244,0.00141312
10000000,84.0694,119.555,0.115025,0.0174644,0.80357,0.00139179,0.00141312
1000,85.0584,98.1239,0.497826,0.0265019,0.537104,7.58206,8.11733
10000,85.0584,98.1239,0.497826,0.0265019,0.537104,8.28421,8.11733
100000,85.0584,98.1239,0.497826,0.0265019,0.537104,8.05568,8.11733
1000000,85.0584,98.1239,0.497826,0.0265019,0.537104,8.11886,8.11733
10000000,85.0584,98.1239,0.497826,0.0265019,0.537104,8.11494,8.11733
1000,104.317,98.7027,0.440232,0.0429394,0.408182,13.8188,15.2939
10000,104.317,98.7027,0.440232,0.0429394,0.408182,15.3899,15.2939
100000,104.317,98.7027,0.440232,0.0429394,0.408182,15.2946,15.2939
1000000,104.317,98.7027,0.440232,0.0429394,0.408182,15.3047,15.2939
10000000,104.317,98.7027,0.440232,0.0429394,0.408182,15.2992,15.2939
1000,86.0258,85.3886,0.102715,0.0118869,1.60587,5.91137,5.62241
10000,86.0258,85.3886,0.102715,0.0118869,1.60587,5.55048,5.62241
100000,86.0258,85.3886,0.102715,0.0118869,1.60587,5.62168,5.62241
1000000,86.0258,85.3886,0.102715,0.0118869,1.60587,5.61784,5.62241
10000000,86.0258,85.3886,0.102715,0.0118869,1.60587,5.62167,5.62241
1000,99.2323,84.6193,0.282427,0.0262501,0.534368,17.7049,17.89
10000,99.2323,84.6193,0.282427,0.0262501,0.534368,17.7239,17.89
100000,99.2323,84.6193,0.282427,0.0262501,0.534368,17.9502,17.89
1000000,99.2323,84.6193,0.282427,0.0262501,0.534368,17.8851,17.89
10000000,99.2323,84.6193,0.282427,0.0262501,0.534368,17.8864,17.89
1000,118.183,94.979,0.44067,0.0387327,1.70367,40.6847,40.7833
10000,118.183,94.979,0.44067,0.0387327,1.70367,39.6767,40.7833
100000,118.183,94.979,0.44067,0.0387327,1.70367,40.6615,40.7833
1000000,118.183,94.979,0.44067,0.0387327,1.70367,40.8907,40.7833
10000000,118.183,94.979,0.44067,0.0387327,1.70367,40.7836,40.7833
1000,90.3384,83.7529,0.457004,0.0388641,0.546336,15.038,16.1968
10000,90.3384,83.7529,0.457004,0.0388641,0.546336,16.0482,16.1968
100000,90.3384,83.7529,0.457004,0.0388641,0.546336,16.1045,16.1968
1000000,90.3384,83.7529,0.457004,0.0388641,0.546336,16.2129,16.1968
10000000,90.3384,83.7529,0.457004,0.0388641,0.546336,16.1914,16.1968
1000,117.011,95.6083,0.339886,0.0348508,1.83602,36.8958,35.4651
10000,117.011,95.6083,0.339886,0.0348508,1.83602,35.0767,35.4651
100000,117.011,95.6083,0.339886,0.0348508,1.83602,35.447,35.4651
1000000,117.011,95.6083,0.339886,0.0348508,1.83602,35.5057,35.4651
10000000,117.011,95.6083,0.339886,0.0348508,1.83602,35.4858,35.4651
1000,95.0085,80.0136,0.288865,0.0100773,1.07658,19.5913,20.1503
10000,95.0085,80.0136,0.288865,0.0100773,1.07658,20.4299,20.1503
100000,95.0085,80.0136,0.288865,0.0100773,1.07658,20.1354,20.1503
1000000,95.0085,80.0136,0.288865,0.0100773,1.07658,20.1661,20.1503
10000000,95.0085,80.0136,0.288865,0.0100773,1.07658,20.1354,20.1503
1000,87.3587,110.401,0.391718,0.0370619,1.49111,11.764,10.8009
10000,87.3587,110.401,0.391718,0.0370619,1.49111,10.2179,10.8009
100000,87.3587,110.401,0.391718,0.0370619,1.49111,10.6999,10.8009
1000000,87.3587,110.401,0.391718,0.0370619,1.49111,10.811,10.8009
10000000,87.3587,110.401,0.391718,0.0370619,1.49111,10.8054,10.8009
1000,101.24,83.0076,0.461441,0.0381848,0.721894,25.5509,26.6343
10000,101.24,83.0076,0.461441,0.0381848,0.721894,26.6241,26.6343
100000,101.24,83.0076,0.461441,0.0381848,0.721894,26.6409,26.6343
1000000,101.24,83.0076,0.461441,0.0381848,0.721894,26.7192,26.6343
10000000,101.24,83.0076,0.461441,0.0381848,0.721894,26.6266,26.6343
1000,84.7796,117.559,0.318604,0.0392305,0.153337,0.0198758,0.0198408
10000,84.7796,117.559,0.318604,0.0392305,0.153337,0.0229734,0.0198408
100000,84.7796,117.559,0.318604,0.0392305,0.153337,0.0208223,0.0198408
1000000,84.7796,117.559,0.318604,0.0392305,0.153337,0.0200683,0.0198408
10000000,84.7796,117.559,0.318604,0.0392305,0.153337,0.0196957,0.0198408
1000,93.7528,108.823,0.168071,0.0324749,0.856887,2.13718,1.92867
10000,93.7528,108.823,0.168071,0.0324749,0.856887,1.91708,1.92867
100000,93.7528,108.823,0.168071,0.0324749,0.856887,1.90326,1.92867
1000000,93.7528,108.823,0.168071,0.0324749,0.856887,1.92526,1.92867
10000000,93.7528,108.823,0.168071,0.0324749,0.856887,1.92818,1.92867
1000,107.523,98.7418,0.406016,0.0470173,1.24439,28.3538,26.0503
10000,107.523,98.7418,0.406016,0.0470173,1.24439,26.5205,26.0503
100000,107.523,98.7418,0.406016,0.0470173,1.24439,25.8108,26.0503
1000000,107.523,98.7418,0.406016,0.0470173,1.24439,26.005,26.0503
10000000,107.523,98.7418,0.406016,0.0470173,1.24439,26.0601,26.0503
1000,99.9162,95.8582,0.345043,0.0453698,1.6858,23.7593,22.8483
10000,99.9162,95.8582,0.345043,0.0453698,1.6858,22.7237,22.8483
100000,99.9162,95.8582,0.345043,0.0453698,1.6858,22.8276,22.8483
1000000,99.9162,95.8582,0.345043,0.0453698,1.6858,22.9089,22.8483
10000000,99.9162,95.8582,0.345043,0.0453698,1.6858,22.8448,22.8483
1000,116.098,93.7091,0.108326,0.0489158,0.257054,23.3748,23.5601
10000,116.098,93.7091,0.108326,0.0489158,0.257054,23.6,23.5601
100000,116.098,93.7091,0.108326,0.0489158,0.257054,23.578,23.5601
1000000,116.098,93.7091,0.108326,0.0489158,0.257054,23.5557,23.5601
10000000,116.098,93.7091,0.108326,0.0489158,0.257054,23.5617,23.5601
1000,85.4214,80.6124,0.310959,0.0470831,1.70367,18.9633,19.0881
10000,85.4214,80.6124,0.310959,0.0470831,1.70367,19.0562,19.0881
100000,85.4214,80.6124,0.310959,0.0470831,1.70367,19.1244,19.0881
1000000,85.4214,80.6124,0.310959,0.0470831,1.70367,19.1357,19.0881
10000000,85.4214,80.6124,0.310959,0.0470831,1.70367,19.0856,19.0881
1000,100.352,100.374,0.343276,0.0238761,0.880013,13.9527,13.7629
10000,100.352,100.374,0.343276,0.0238761,0.880013,13.8279,13.7629
100000,100.352,100.374,0.343276,0.0238761,0.880013,13.7239,13.7629
1000000,100.352,100.374,0.343276,0.0238761,0.880013,13.7928,13.7629
10000000,100.352,100.374,0.343276,0.0238761,0.880013,13.7517,13.7629
1000,114.102,107.013,0.269339,0.0222455,1.58991,18.5522,20.6785
10000,114.102,107.013,0.269339,0.0222455,1.58991,20.812,20.6785
100000,114.102,107.013,0.269339,0.0222455,1.58991,20.784,20.6785
1000000,114.102,107.013,0.269339,0.0222455,1.58991,20.6514,20.6785
10000000,114.102,107.013,0.269339,0.0222455,1.58991,20.6724,20.6785
1000,83.4506,104.403,0.459913,0.0156732,0.483096,4.47511,4.38319
10000,83.4506,104.403,0.459913,0.0156732,0.483096,4.55919,4.38319
100000,83.4506,104.403,0.459913,0.0156732,0.483096,4.3754,4.38319
1000000,83.4506,104.403,0.459913,0.0156732,0.483096,4.36629,4.38319
10000000,83.4506,104.403,0.459913,0.0156732,0.483096,4.38333,4.38319
1000,95.6841,113.406,0.255985,0.0275312,1.25854,6.46616,6.051
10000,95.6841,113.406,0.255985,0.0275312,1.25854,6.13744,6.051
100000,95.6841,113.406,0.255985,0.0275312,1.25854,6.03262,6.051
1000000,95.6841,113.406,0.255985,0.0275312,1.25854,6.0364,6.051
10000000,95.6841,113.406,0.255985,0.0275312,1.25854,6.04937,6.051
1000,109.784,112.062,0.262633,0.0232982,1.90027,16.1116,16.9058
10000,109.784,112.062,0.262633,0.0232982,1.90027,16.8655,16.9058
100000,109.784,112.062,0.262633,0.0232982,1.90027,16.838,16.9058
1000000,109.784,112.062,0.262633,0.0232982,1.90027,16.9089,16.9058
10000000,109.784,112.062,0.262633,0.0232982,1.90027,16.9059,16.9058
1000,106.41,91.9719,0.100388,0.0416173,1.73134,20.9345,21.0918
10000,106.41,91.9719,0.100388,0.0416173,1.73134,21.0188,21.0918
100000,106.41,91.9719,0.100388,0.0416173,1.73134,21.1013,21.0918
1000000,106.41,91.9719,0.100388,0.0416173,1.73134,21.1126,21.0918
10000000,106.41,91.9719,0.100388,0.0416173,1.73134,21.0934,21.0918
1000,103.486,92.1102,0.424038,0.0451017,0.335059,17.0508,17.1857
10000,103.486,92.1102,0.424038,0.0451017,0.335059,17.1746,17.1857
100000,103.486,92.1102,0.424038,0.0451017,0.335059,17.1436,17.1857
1000000,103.486,92.1102,0.424038,0.0451017,0.335059,17.1975,17.1857
10000000,103.486,92.1102,0.424038,0.0451017,0.335059,17.1726,17.1857
1000,94.241,80.5164,0.377426,0.0303616,0.178737,15.0549,15.2688
10000,94.241,80.5164,0.377426,0.0303616,0.178737,15.1855,15.2688
100000,94.241,80.5164,0.377426,0.0303616,0.178737,15.3275,15.2688
1000000,94.241,80.5164,0.377426,0.0303616,0.178737,15.2262,15.2688
10000000,94.241,80.5164,0.377426,0.0303616,0.178737,15.262,15.2688
1000,83.6167,96.4538,0.317077,0.0157246,0.326747,2.22473,2.0893
10000,83.6167,96.4538,0.317077,0.0157246,0.326747,2.12663,2.0893
100000,83.6167,96.4538,0.317077,0.0157246,0.326747,2.09419,2.0893
1000000,83.6167,96.4538,0.317077,0.0157246,0.326747,2.08684,2.0893
10000000,83.6167,96.4538,0.317077,0.0157246,0.326747,2.08898,2.0893
1000,80.9536,89.8917,0.467524,0.0364303,0.782927,9.83418,10.8154
10000,80.9536,89.8917,0.467524,0.0364303,0.782927,10.7858,10.8154
100000,80.9536,89.8917,0.467524,0.0364303,0.782927,10.9192,10.8154
1000000,80.9536,89.8917,0.467524,0.0364303,0.782927,10.8253,10.8154
10000000,80.9536,89.8917,0.467524,0.0364303,0.782927,10.8208,10.8154
1000,99.1641,105.853,0.289284,0.0347243,1.78796,15.7179,15.0741
10000,99.1641,105.853,0.289284,0.0347243,1.78796,15.5213,15.0741
100000,99.1641,105.853,0.289284,0.0347243,1.78796,15.1649,15.0741
1000000,99.1641,105.853,0.289284,0.0347243,1.78796,15.0353,15.0741
10000000,99.1641,105.853,0.289284,0.0347243,1.78796,15.0831,15.0741
1000,114.101,97.4887,0.409793,0.0303246,1.91191,37.488,35.6276
10000,114.101,97.4887,0.409793,0.0303246,1.91191,34.9047,35.6276
100000,114.101,97.4887,0.409793,0.0303246,1.91191,35.5083,35.6276
1000000,114.101,97.4887,0.409793,0.0303246,1.91191,35.6563,35.6276
10000000,114.101,97.4887,0.409793,0.0303246,1.91191,35.6174,35.6276
1000,107.185,89.8444,0.27092,0.0328573,1.37947,23.8173,25.6743
10000,107.185,89.8444,0.27092,0.0328573,1.37947,26.1115,25.6743
100000,107.185,89.8444,0.27092,0.0328573,1.37947,25.6549,25.6743
1000000,107.185,89.8444,0.27092,0.0328573,1.37947,25.6729,25.6743
10000000,107.185,89.8444,0.27092,0.0328573,1.37947,25.6747,25.6743
1000,82.6307,115.629,0.179194,0.0381415,1.08518,0.462417,0.435772
10000,82.6307,115.629,0.179194,0.0381415,1.08518,0.423285,0.435772
100000,82.6307,115.629,0.179194,0.0381415,1.08518,0.443447,0.435772
1000000,82.6307,115.629,0.179194,0.0381415,1.08518,0.436674,0.435772
10000000,82.6307,115.629,0.179194,0.0381415,1.08518,0.436308,0.435772
1000,82.1592,116.376,0.429666,0.0466058,1.61456,9.00154,9.98032
10000,82.1592,116.376,0.429666,0.0466058,1.61456,10.1636,9.98032
100000,82.1592,116.376,0.429666,0.0466058,1.61456,10.0544,9.98032
1000000,82.1592,116.376,0.429666,0.0466058,1.61456,9.95259,9.98032
10000000,82.1592,116.376,0.429666,0.0466058,1.61456,9.98946,9.98032
1000,105.001,98.939,0.366386,0.0369219,0.777748,16.0307,17.8122
10000,105.001,98.939,0.366386,0.0369219,0.777748,17.7827,17.8122
100000,105.001,98.939,0.366386,0.0369219,0.777748,17.8486,17.8122
1000000,105.001,98.939,0.366386,0.0369219,0.777748,17.8008,17.8122
10000000,105.001,98.939,0.366386,0.0369219,0.777748,17.8144,17.8122
1000,93.281,87.9022,0.444835,0.0216334,0.52982,15.499,15.0507
10000,93.281,87.9022,0.444835,0.0216334,0.52982,15.2854,15.0507
100000,93.281,87.9022,0.444835,0.0216334,0.52982,15.0177,15.0507
1000000,93.281,87.9022,0.444835,0.0216334,0.52982,15.0398,15.0507
10000000,93.281,87.9022,0.444835,0.0216334,0.52982,15.0352,15.0507
1000,83.7255,116.915,0.447757,0.0210964,1.57768,9.95481,10.0448
10000,83.7255,116.915,0.447757,0.0210964,1.57768,10.0409,10.0448
100000,83.7255,116.915,0.447757,0.0210964,1.57768,10.1588,10.0448
1000000,83.7255,116.915,0.447757,0.0210964,1.57768,10.0021,10.0448
10000000,83.7255,116.915,0.447757,0.0210964,1.57768,10.032,10.0448
1000,109.537,95.6328,0.238166,0.049989,1.56771,26.22,25.1533
10000,109.537,95.6328,0.238166,0.049989,1.56771,25.4928,25.1533
100000,109.537,95.6328,0.238166,0.049989,1.56771,25.3987,25.1533
1000000,109.537,95.6328,0.238166,0.049989,1.56771,25.1589,25.1533
10000000,109.537,95.6328,0.238166,0.049989,1.56771,25.1497,25.1533
1000,99.0668,87.7095,0.134539,0.0286306,0.478225,12.4982,12.8287
10000,99.0668,87.7095,0.134539,0.0286306,0.478225,12.8006,12.8287
100000,99.0668,87.7095,0.134539,0.0286306,0.478225,12.8643,12.8287
1000000,99.0668,87.7095,0.134539,0.0286306,0.478225,12.8292,12.8287
10000000,99.0668,87.7095,0.134539,0.0286306,0.478225,12.8276,12.8287
1000,105.904,119.509,0.368858,0.0346053,1.48626,17.5231,15.9387
10000,105.904,119.509,0.368858,0.0346053,1.48626,16.2756,15.9387
100000,105.904,119.509,0.368858,0.0346053,1.48626,16.0687,15.9387
1000000,105.904,119.509,0.368858,0.0346053,1.48626,15.9323,15.9387
10000000,105.904,119.509,0.368858,0.0346053,1.48626,15.9174,15.9387
1000,84.8703,80.5291,0.311618,0.0222121,1.25878,15.3299,14.8984
10000,84.8703,80.5291,0.311618,0.0222121,1.25878,14.7738,14.8984
100000,84.8703,80.5291,0.311618,0.0222121,1.25878,14.8637,14.8984
1000000,84.8703,80.5291,0.311618,0.0222121,1.25878,14.8808,14.8984
10000000,84.8703,80.5291,0.311618,0.0222121,1.25878,14.8898,14.8984
1000,108.507,86.2666,0.302066,0.0256502,1.65731,29.8387,31.0447
10000,108.507,86.2666,0.302066,0.0256502,1.65731,30.647,31.0447
100000,108.507,86.2666,0.302066,0.0256502,1.65731,30.9386,31.0447
1000000,108.507,86.2666,0.302066,0.0256502,1.65731,30.9801,31.0447
10000000,108.507,86.2666,0.302066,0.0256502,1.65731,31.0477,31.0447
1000,118.929,91.918,0.109635,0.023134,1.36539,30.4431,29.9235
10000,118.929,91.918,0.109635,0.023134,1.36539,29.9693,29.9235
100000,118.929,91.918,0.109635,0.023134,1.36539,29.8441,29.9235
1000000,118.929,91.918,0.109635,0.023134,1.36539,29.9083,29.9235
10000000,118.929,91.918,0.109635,0.023134,1.36539,29.9169,29.9235
1000,106.666,91.0726,0.115885,0.0430238,0.666965,17.5577,18.2532
10000,106.666,91.0726,0.115885,0.0430238,0.666965,18.3993,18.2532
100000,106.666,91.0726,0.115885,0.0430238,0.666965,18.2587,18.2532
1000000,106.666,91.0726,0.115885,0.0430238,0.666965,18.2549,18.2532
10000000,106.666,91.0726,0.115885,0.0430238,0.666965,18.2499,18.2532
1000,110.545,92.4603,0.158388,0.0412109,1.32994,24.12,23.8701
10000,110.545,92.4603,0.158388,0.0412109,1.32994,23.7856,23.8701
100000,110.545,92.4603,0.158388,0.0412109,1.32994,23.9259,23.8701
1000000,110.545,92.4603,0.158388,0.0412109,1.32994,23.8042,23.8701
10000000,110.545,92.4603,0.158388,0.0412109,1.32994,23.8621,23.8701
1000,95.8461,87.0441,0.383497,0.0143952,1.48675,20.856,22.5743
10000,95.8461,87.0441,0.383497,0.0143952,1.48675,22.6928,22.5743
100000,95.8461,87.0441,0.383497,0.0143952,1.48675,22.4924,22.5743
1000000,95.8461,87.0441,0.383497,0.0143952,1.48675,22.576,22.5743
10000000,95.8461,87.0441,0.383497,0.0143952,1.48675,22.5786,22.5743
1000,95.4828,112.412,0.157621,0.0311071,1.25978,2.46572,2.55752
10000,95.4828,112.412,0.157621,0.0311071,1.25978,2.62216,2.55752
100000,95.4828,112.412,0.157621,0.0311071,1.25978,2.54071,2.55752
1000000,95.4828,112.412,0.157621,0.0311071,1.25978,2.56794,2.55752
10000000,95.4828,112.412,0.157621,0.0311071,1.25978,2.55439,2.55752
1000,114.993,104.056,0.127281,0.0418245,1.02264,16.1767,16.2221
10000,114.993,104.056,0.127281,0.0418245,1.02264,16.2258,16.2221
100000,114.993,104.056,0.127281,0.0418245,1.02264,16.2224,16.2221
1000000,114.993,104.056,0.127281,0.0418245,1.02264,16.2278,16.2221
10000000,114.993,104.056,0.127281,0.0418245,1.02264,16.2235,16.2221
1000,101.299,108.205,0.201833,0.033708,0.652134,4.45879,4.69346
10000,101.299,108.205,0.201833,0.033708,0.652134,4.65614,4.69346
100000,101.299,108.205,0.201833,0.033708,0.652134,4.70975,4.69346
1000000,101.299,108.205,0.201833,0.033708,0.652134,4.68446,4.69346
10000000,101.299,108.205,0.201833,0.033708,0.652134,4.69023,4.69346
1000,86.0859,107.19,0.411983,0.0259544,1.91776,12.9879,14.0642
10000,86.0859,107.19,0.411983,0.0259544,1.91776,14.0612,14.0642
100000,86.0859,107.19,0.411983,0.0259544,1.91776,14.1145,14.0642
1000000,86.0859,107.19,0.411983,0.0259544,1.91776,14.0936,14.0642
10000000,86.0859,107.19,0.411983,0.0259544,1.91776,14.0665,14.0642
1000,114.991,83.6617,0.464489,0.0273266,1.63052,42.629,44.174
10000,114.991,83.6617,0.464489,0.0273266,1.63052,44.6069,44.174
100000,114.991,83.6617,0.464489,0.0273266,1.63052,44.1511,44.174
1000000,114.991,83.6617,0.464489,0.0273266,1.63052,44.1561,44.174
10000000,114.991,83.6617,0.464489,0.0273266,1.63052,44.187,44.174
1000,104.996,119.525,0.350414,0.0421713,1.68934,18.4382,16.4844
10000,104.996,119.525,0.350414,0.0421713,1.68934,16.3395,16.4844
100000,104.996,119.525,0.350414,0.0421713,1.68934,16.7135,16.4844
1000000,104.996,119.525,0.350414,0.0421713,1.68934,16.5348,16.4844
10000000,104.996,119.525,0.350414,0.0421713,1.68934,16.4732,16.4844
1000,97.6778,98.6568,0.138689,0.0376097,1.28802,8.02288,8.03292
10000,97.6778,98.6568,0.138689,0.0376097,1.28802,8.27888,8.03292
100000,97.6778,98.6568,0.138689,0.0376097,1.28802,8.03116,8.03292
1000000,97.6778,98.6568,0.138689,0.0376097,1.28802,8.02325,8.03292
10000000,97.6778,98.6568,0.138689,0.0376097,1.28802,8.03368,8.03292
1000,104.775,82.2539,0.150801,0.0395202,0.725393,24.8272,24.9201
10000,104.775,82.2539,0.150801,0.0395202,0.725393,24.8068,24.9201
100000,104.775,82.2539,0.150801,0.0395202,0.725393,24.9239,24.9201
1000000,104.775,82.2539,0.150801,0.0395202,0.725393,24.9172,24.9201
10000000,104.775,82.2539,0.150801,0.0395202,0.725393,24.9194,24.9201
1000,81.5548,115.867,0.497043,0.0331576,0.529139,3.13426,3.32185
10000,81.5548,115.867,0.497043,0.0331576,0.529139,3.47493,3.32185
100000,81.5548,115.867,0.497043,0.0331576,0.529139,3.29565,3.32185
1000000,81.5548,115.867,0.497043,0.0331576,0.529139,3.32578,3.32185
10000000,81.5548,115.867,0.497043,0.0331576,0.529139,3.32098,3.32185
1000,114.219,94.4367,0.456943,0.0213441,1.7806,38.7993,37.8599
10000,114.219,94.4367,0.456943,0.0213441,1.7806,37.1115,37.8599
100000,114.219,94.4367,0.456943,0.0213441,1.7806,37.5553,37.8599
1000000,114.219,94.4367,0.456943,0.0213441,1.7806,37.9257,37.8599
10000000,114.219,94.4367,0.456943,0.0213441,1.7806,37.8401,37.8599
1000,103.012,110.193,0.434553,0.0245135,0.973417,14.1956,15.6737
10000,103.012,110.193,0.434553,0.0245135,0.973417,15.4224,15.6737
100000,103.012,110.193,0.434553,0.0245135,0.973417,15.7871,15.6737
1000000,103.012,110.193,0.434553,0.0245135,0.973417,15.6814,15.6737
10000000,103.012,110.193,0.434553,0.0245135,0.973417,15.657,15.6737
1000,90.0782,99.3681,0.258327,0.0195248,1.52923,9.00769,8.91881
10000,90.0782,99.3681,0.258327,0.0195248,1.52923,9.0714,8.91881
100000,90.0782,99.3681,0.258327,0.0195248,1.52923,8.9203,8.91881
1000000,90.0782,99.3681,0.258327,0.0195248,1.52923,8.89419,8.91881
10000000,90.0782,99.3681,0.258327,0.0195248,1.52923,8.91589,8.91881
1000,82.2221,104.602,0.302482,0.0402619,0.277271,0.515313,0.490257
10000,82.2221,104.602,0.302482,0.0402619,0.277271,0.529351,0.490257
100000,82.2221,104.602,0.302482,0.0402619,0.277271,0.490849,0.490257
1000000,82.2221,104.602,0.302482,0.0402619,0.277271,0.494149,0.490257
10000000,82.2221,104.602,0.302482,0.0402619,0.277271,0.488328,0.490257
1000,119.364,100.53,0.131496,0.0230871,1.54738,23.318,23.2168
10000,119.364,100.53,0.131496,0.0230871,1.54738,22.9849,23.2168
100000,119.364,100.53,0.131496,0.0230871,1.54738,23.3184,23.2168
1000000,119.364,100.53,0.131496,0.0230871,1.54738,23.1748,23.2168
10000000,119.364,100.53,0.131496,0.0230871,1.54738,23.2169,23.2168
1000,93.6589,93.5052,0.44197,0.0155536,0.707114,12.7933,14.3165
10000,93.6589,93.5052,0.44197,0.0155536,0.707114,14.3122,14.3165
100000,93.6589,93.5052,0.44197,0.0155536,0.707114,14.1953,14.3165
1000000,93.6589,93.5052,0.44197,0.0155536,0.707114,14.3072,14.3165
10000000,93.6589,93.5052,0.44197,0.0155536,0.707114,14.3055,14.3165
1000,117.228,80.7847,0.477366,0.0284471,0.104269,36.4,36.7186
10000,117.228,80.7847,0.477366,0.0284471,0.104269,36.568,36.7186
100000,117.228,80.7847,0.477366,0.0284471,0.104269,36.7276,36.7186
1000000,117.228,80.7847,0.477366,0.0284471,0.104269,36.7463,36.7186
10000000,117.228,80.7847,0.477366,0.0284471,0.104269,36.7065,36.7186
1000,114.605,92.785,0.296533,0.0412551,1.08302,29.8386,29.4013
10000,114.605,92.785,0.296533,0.0412551,1.08302,29.1307,29.4013
100000,114.605,92.785,0.296533,0.0412551,1.08302,29.3222,29.4013
1000000,114.605,92.785,0.296533,0.0412551,1.08302,29.4079,29.4013
10000000,114.605,92.785,0.296533,0.0412551,1.08302,29.3895,29.4013
1000,112.844,86.2221,0.126029,0.0249785,0.672009,28.1858,28.0655
10000,112.844,86.2221,0.126029,0.0249785,0.672009,27.999,28.0655
100000,112.844,86.2221,0.126029,0.0249785,0.672009,28.0538,28.0655
1000000,112.844,86.2221,0.126029,0.0249785,0.672009,28.0571,28.0655
10000000,112.844,86.2221,0.126029,0.0249785,0.672009,28.0703,28.0655
1000,85.6675,89.86,0.325077,0.0298464,0.842758,8.61715,9.3268
10000,85.6675,89.86,0.325077,0.0298464,0.842758,9.4377,9.3268
100000,85.6675,89.86,0.325077,0.0298464,0.842758,9.33345,9.3268
1000000,85.6675,89.86,0.325077,0.0298464,0.842758,9.34865,9.3268
10000000,85.6675,89.86,0.325077,0.0298464,0.842758,9.32008,9.3268
1000,106.636,103.915,0.473486,0.0458792,1.34951,28.986,26.8908
10000,106.636,103.915,0.473486,0.0458792,1.34951,27.1869,26.8908
100000,106.636,103.915,0.473486,0.0458792,1.34951,26.7059,26.8908
1000000,106.636,103.915,0.473486,0.0458792,1.34951,26.952,26.8908
10000000,106.636,103.915,0.473486,0.0458792,1.34951,26.9059,26.8908
1000,99.1779,117.27,0.116707,0.0161518,0.420673,0.0479335,0.0492207
10000,99.1779,117.27,0.116707,0.0161518,0.420673,0.0508394,0.0492207
100000,99.1779,117.27,0.116707,0.0161518,0.420673,0.0481126,0.0492207
1000000,99.1779,117.27,0.116707,0.0161518,0.420673,0.0495703,0.0492207
10000000,99.1779,117.27,0.116707,0.0161518,0.420673,0.0491399,0.0492207
1000,112.836,109.133,0.197622,0.033744,0.363537,7.90075,8.13686
10000,112.836,109.133,0.197622,0.033744,0.363537,8.20098,8.13686
100000,112.836,109.133,0.197622,0.033744,0.363537,8.15795,8.13686
1000000,112.836,109.133,0.197622,0.033744,0.363537,8.12415,8.13686
10000000,112.836,109.133,0.197622,0.033744,0.363537,8.14309,8.13686
1000,114.026,115.271,0.305817,0.0429811,0.131705,4.95075,4.76751
10000,114.026,115.271,0.305817,0.0429811,0.131705,4.65739,4.76751
100000,114.026,115.271,0.305817,0.0429811,0.131705,4.74557,4.76751
1000000,114.026,115.271,0.305817,0.0429811,0.131705,4.76091,4.76751
10000000,114.026,115.271,0.305817,0.0429811,0.131705,4.77133,4.76751
1000,102.347,80.1836,0.131282,0.0431484,0.732085,24.8111,24.6797
10000,102.347,80.1836,0.131282,0.0431484,0.732085,24.8133,24.6797
100000,102.347,80.1836,0.131282,0.0431484,0.732085,24.6919,24.6797
1000000,102.347,80.1836,0.131282,0.0431484,0.732085,24.6901,24.6797
10000000,102.347,80.1836,0.131282,0.0431484,0.732085,24.6876,24.6797
1000,98.8754,86.4995,0.249628,0.0448792,0.964734,18.7263,19.0821
10000,98.8754,86.4995,0.249628,0.0448792,0.964734,18.7736,19.0821
100000,98.8754,86.4995,0.249628,0.0448792,0.964734,18.9574,19.0821
1000000,98.8754,86.4995,0.249628,0.0448792,0.964734,19.0874,19.0821
10000000,98.8754,86.4995,0.249628,0.0448792,0.964734,19.0745,19.0821
1000,94.0001,87.2442,0.297929,0.0328027,1.48957,19.5068,18.9519
10000,94.0001,87.2442,0.297929,0.0328027,1.48957,18.7986,18.9519
100000,94.0001,87.2442,0.297929,0.0328027,1.48957,18.9643,18.9519
1000000,94.0001,87.2442,0.297929,0.0328027,1.48957,18.9423,18.9519
10000000,94.0001,87.2442,0.297929,0.0328027,1.48957,18.9662,18.9519
1000,94.0086,94.6603,0.25922,0.0251093,0.327602,5.55015,5.61777
10000,94.0086,94.6603,0.25922,0.0251093,0.327602,5.54036,5.61777
100000,94.0086,94.6603,0.25922,0.0251093,0.327602,5.64992,5.61777
1000000,94.0086,94.6603,0.25922,0.0251093,0.327602,5.61487,5.61777
10000000,94.0086,94.6603,0.25922,0.0251093,0.327602,5.62077,5.61777
1000,83.5751,86.2733,0.4725,0.0187437,1.64746,19.3797,19.8866
10000,83.5751,86.2733,0.4725,0.0187437,1.64746,19.674,19.8866
100000,83.5751,86.2733,0.4725,0.0187437,1.64746,20.0706,19.8866
1000000,83.5751,86.2733,0.4725,0.0187437,1.64746,19.8935,19.8866
10000000,83.5751,86.2733,0.4725,0.0187437,1.64746,19.8749,19.8866
1000,102.054,83.4168,0.195148,0.0332709,1.74912,26.887,25.2449
10000,102.054,83.4168,0.195148,0.0332709,1.74912,24.7934,25.2449
100000,102.054,83.4168,0.195148,0.0332709,1.74912,25.2603,25.2449
1000000,102.054,83.4168,0.195148,0.0332709,1.74912,25.2627,25.2449
10000000,102.054,83.4168,0.195148,0.0332709,1.74912,25.2533,25.2449
1000,115.563,103.119,0.10633,0.0205475,0.181775,12.711,12.8364
10000,115.563,103.119,0.10633,0.0205475,0.181775,12.8246,12.8364
100000,115.563,103.119,0.10633,0.0205475,0.181775,12.8276,12.8364
1000000,115.563,103.119,0.10633,0.0205475,0.181775,12.8346,12.8364
10000000,115.563,103.119,0.10633,0.0205475,0.181775,12.836,12.8364
1000,101.45,82.3499,0.47199,0.0465746,1.97745,41.7541,38.3367
10000,101.45,82.3499,0.47199,0.0465746,1.97745,37.9684,38.3367
100000,101.45,82.3499,0.47199,0.0465746,1.97745,38.4601,38.3367
1000000,101.45,82.3499,0.47199,0.0465746,1.97745,38.3251,38.3367
10000000,101.45,82.3499,0.47199,0.0465746,1.97745,38.3304,38.3367
1000,119.963,92.6526,0.106987,0.0381819,0.223775,28.1388,28.0982
10000,119.963,92.6526,0.106987,0.0381819,0.223775,28.1343,28.0982
100000,119.963,92.6526,0.106987,0.0381819,0.223775,28.0973,28.0982
1000000,119.963,92.6526,0.106987,0.0381819,0.223775,28.0918,28.0982
10000000,119.963,92.6526,0.106987,0.0381819,0.223775,28.0997,28.0982
1000,112.339,81.8066,0.128232,0.0446979,0.938119,33.9014,33.8984
10000,112.339,81.8066,0.128232,0.0446979,0.938119,33.8828,33.8984
100000,112.339,81.8066,0.128232,0.0446979,0.938119,33.9363,33.8984
1000000,112.339,81.8066,0.128232,0.0446979,0.938119,33.9006,33.8984
10000000,112.339,81.8066,0.128232,0.0446979,0.938119,33.8977,33.8984
1000,101.793,83.0009,0.394126,0.0410412,1.78439,33.9472,33.345
10000,101.793,83.0009,0.394126,0.0410412,1.78439,32.4679,33.345
100000,101.793,83.0009,0.394126,0.0410412,1.78439,33.4664,33.345
1000000,101.793,83.0009,0.394126,0.0410412,1.78439,33.3755,33.345
10000000,101.793,83.0009,0.394126,0.0410412,1.78439,33.3383,33.345
1000,89.9413,95.8038,0.469797,0.0118073,1.06939,16.4072,15.4729
10000,89.9413,95.8038,0.469797,0.0118073,1.06939,16.1036,15.4729
100000,89.9413,95.8038,0.469797,0.0118073,1.06939,15.5612,15.4729
1000000,89.9413,95.8038,0.469797,0.0118073,1.06939,15.5306,15.4729
10000000,89.9413,95.8038,0.469797,0.0118073,1.06939,15.4653,15.4729
1000,81.777,115.99,0.194905,0.016517,1.46663,0.770836,0.869522
10000,81.777,115.99,0.194905,0.016517,1.46663,0.878486,0.869522
100000,81.777,115.99,0.194905,0.016517,1.46663,0.860796,0.869522
1000000,81.777,115.99,0.194905,0.016517,1.46663,0.874227,0.869522
10000000,81.777,115.99,0.194905,0.016517,1.46663,0.868647,0.869522
1000,99.7233,101.434,0.440081,0.0178204,1.66216,23.2172,22.764
10000,99.7233,101.434,0.440081,0.0178204,1.66216,22.9473,22.764
100000,99.7233,101.434,0.440081,0.0178204,1.66216,22.8578,22.764
1000000,99.7233,101.434,0.440081,0.0178204,1.66216,22.7499,22.764
10000000,99.7233,101.434,0.440081,0.0178204,1.66216,22.7527,22.764
1000,109.874,119.251,0.353123,0.0263419,1.18756,14.5982,14.4942
10000,109.874,119.251,0.353123,0.0263419,1.18756,14.181,14.4942
100000,109.874,119.251,0.353123,0.0263419,1.18756,14.4783,14.4942
1000000,109.874,119.251,0.353123,0.0263419,1.18756,14.5375,14.4942
10000000,109.874,119.251,0.353123,0.0263419,1.18756,14.4793,14.4942
1000,108.666,92.6038,0.181741,0.0174999,0.644267,17.8067,17.9598
10000,108.666,92.6038,0.181741,0.0174999,0.644267,17.9488,17.9598
100000,108.666,92.6038,0.181741,0.0174999,0.644267,17.9879,17.9598
1000000,108.666,92.6038,0.181741,0.0174999,0.644267,17.967,17.9598
10000000,108.666,92.6038,0.181741,0.0174999,0.644267,17.9541,17.9598
1000,109.958,83.6489,0.288093,0.0275969,1.13668,34.1256,31.325
10000,109.958,83.6489,0.288093,0.0275969,1.13668,31.2414,31.325
100000,109.958,83.6489,0.288093,0.0275969,1.13668,31.2368,31.325
1000000,109.958,83.6489,0.288093,0.0275969,1.13668,31.3174,31.325
10000000,109.958,83.6489,0.288093,0.0275969,1.13668,31.3248,31.325
1000,112.557,82.4103,0.100937,0.0295388,0.330574,30.932,30.9478
10000,112.557,82.4103,0.100937,0.0295388,0.330574,30.9327,30.9478
100000,112.557,82.4103,0.100937,0.0295388,0.330574,30.9061,30.9478
1000000,112.557,82.4103,0.100937,0.0295388,0.330574,30.9447,30.9478
10000000,112.557,82.4103,0.100937,0.0295388,0.330574,30.9467,30.9478
1000,101.294,82.2784,0.164667,0.0400015,0.768072,21.4554,21.7697
10000,101.294,82.2784,0.164667,0.0400015,0.768072,21.7412,21.7697
100000,101.294,82.2784,0.164667,0.0400015,0.768072,21.8351,21.7697
1000000,101.294,82.2784,0.164667,0.0400015,0.768072,21.7779,21.7697
10000000,101.294,82.2784,0.164667,0.0400015,0.768072,21.7714,21.7697
1000,105.954,91.6687,0.267479,0.0488221,1.79938,27.9945,27.2195
10000,105.954,91.6687,0.267479,0.0488221,1.79938,26.802,27.2195
100000,105.954,91.6687,0.267479,0.0488221,1.79938,27.2196,27.2195
1000000,105.954,91.6687,0.267479,0.0488221,1.79938,27.2198,27.2195
10000000,105.954,91.6687,0.267479,0.0488221,1.79938,27.2332,27.2195
1000,109.56,115.485,0.156529,0.0214917,0.657911,4.07533,3.76059
10000,109.56,115.485,0.156529,0.0214917,0.657911,3.76679,3.76059
100000,109.56,115.485,0.156529,0.0214917,0.657911,3.77577,3.76059
1000000,109.56,115.485,0.156529,0.0214917,0.657911,3.74438,3.76059
10000000,109.56,115.485,0.156529,0.0214917,0.657911,3.76036,3.76059
1000,110.657,110.428,0.468087,0.010796,1.05576,22.831,21.6372
10000,110.657,110.428,0.468087,0.010796,1.05576,21.5428,21.6372
100000,110.657,110.428,0.468087,0.010796,1.05576,21.7084,21.6372
1000000,110.657,110.428,0.468087,0.010796,1.05576,21.671,21.6372
10000000,110.657,110.428,0.468087,0.010796,1.05576,21.6359,21.6372
1000,82.2092,82.345,0.412866,0.0132623,0.973538,11.2807,13.6595
10000,82.2092,82.345,0.412866,0.0132623,0.973538,13.8868,13.6595
100000,82.2092,82.345,0.412866,0.0132623,0.973538,13.6232,13.6595
1000000,82.2092,82.345,0.412866,0.0132623,0.973538,13.7091,13.6595
10000000,82.2092,82.345,0.412866,0.0132623,0.973538,13.6647,13.6595
1000,112.063,91.4031,0.199493,0.0428443,1.70894,29.4872,28.9837
10000,112.063,91.4031,0.199493,0.0428443,1.70894,28.5449,28.9837
100000,112.063,91.4031,0.199493,0.0428443,1.70894,28.9913,28.9837
1000000,112.063,91.4031,0.199493,0.0428443,1.70894,28.9545,28.9837
10000000,112.063,91.4031,0.199493,0.0428443,1.70894,28.9767,28.9837
1000,99.9804,111.98,0.350205,0.0447932,1.74164,17.6797,16.8555
10000,99.9804,111.98,0.350205,0.0447932,1.74164,16.8766,16.8555
100000,99.9804,111.98,0.350205,0.0447932,1.74164,16.8672,16.8555
1000000,99.9804,111.98,0.350205,0.0447932,1.74164,16.8607,16.8555
10000000,99.9804,111.98,0.350205,0.0447932,1.74164,16.838,16.8555
1000,82.3576,91.2642,0.38627,0.0152579,1.6212,13.6077,13.5124
10000,82.3576,91.2642,0.38627,0.0152579,1.6212,13.8076,13.5124
100000,82.3576,91.2642,0.38627,0.0152579,1.6212,13.326,13.5124
1000000,82.3576,91.2642,0.38627,0.0152579,1.6212,13.4503,13.5124
10000000,82.3576,91.2642,0.38627,0.0152579,1.6212,13.5253,13.5124
1000,86.0538,117.347,0.285789,0.0467824,0.949758,2.28967,2.47208
10000,86.0538,117.347,0.285789,0.0467824,0.949758,2.50308,2.47208
100000,86.0538,117.347,0.285789,0.0467824,0.949758,2.4176,2.47208
1000000,86.0538,117.347,0.285789,0.0467824,0.949758,2.48402,2.47208
10000000,86.0538,117.347,0.285789,0.0467824,0.949758,2.46642,2.47208
1000,101.645,100.016,0.259297,0.0491412,0.62564,10.0424,10.6511
10000,101.645,100.016,0.259297,0.0491412,0.62564,10.583,10.6511
100000,101.645,100.016,0.259297,0.0491412,0.62564,10.6547,10.6511
1000000,101.645,100.016,0.259297,0.0491412,0.62564,10.6449,10.6511
10000000,101.645,100.016,0.259297,0.0491412,0.62564,10.6557,10.6511
1000,110.129,101.85,0.33388,0.0100756,1.26835,21.0548,20.947
10000,110.129,101.85,0.33388,0.0100756,1.26835,21.2579,20.947
100000,110.129,101.85,0.33388,0.0100756,1.26835,20.9314,20.947
1000000,110.129,101.85,0.33388,0.0100756,1.26835,20.9847,20.947
10000000,110.129,101.85,0.33388,0.0100756,1.26835,20.9405,20.947
1000,86.9307,82.2486,0.398009,0.0187208,1.00683,16.3608,16.6009
10000,86.9307,82.2486,0.398009,0.0187208,1.00683,16.4402,16.6009
100000,86.9307,82.2486,0.398009,0.0187208,1.00683,16.6287,16.6009
1000000,86.9307,82.2486,0.398009,0.0187208,1.00683,16.5657,16.6009
10000000,86.9307,82.2486,0.398009,0.0187208,1.00683,16.5989,16.6009
1000,93.068,109.239,0.204422,0.0453767,1.5469,6.41972,6.08252
10000,93.068,109.239,0.204422,0.0453767,1.5469,5.97136,6.08252
100000,93.068,109.239,0.204422,0.0453767,1.5469,6.00146,6.08252
1000000,93.068,109.239,0.204422,0.0453767,1.5469,6.08047,6.08252
10000000,93.068,109.239,0.204422,0.0453767,1.5469,6.07152,6.08252
1000,115.505,90.6918,0.318569,0.0473602,1.64279,36.1011,36.5207
10000,115.505,90.6918,0.318569,0.0473602,1.64279,36.0443,36.5207
100000,115.505,90.6918,0.318569,0.0473602,1.64279,36.3187,36.5207
1000000,115.505,90.6918,0.318569,0.0473602,1.64279,36.4701,36.5207
10000000,115.505,90.6918,0.318569,0.0473602,1.64279,36.5274,36.5207
1000,87.9792,100.956,0.209096,0.0175815,1.27587,4.94648,4.42311
10000,87.9792,100.956,0.209096,0.0175815,1.27587,4.30075,4.42311
100000,87.9792,100.956,0.209096,0.0175815,1.27587,4.38589,4.42311
1000000,87.9792,100.956,0.209096,0.0175815,1.27587,4.43442,4.42311
10000000,87.9792,100.956,0.209096,0.0175815,1.27587,4.42655,4.42311
1000,96.2459,117.24,0.430781,0.045478,0.578423,5.84188,6.51852
10000,96.2459,117.24,0.430781,0.045478,0.578423,6.49207,6.51852
100000,96.2459,117.24,0.430781,0.045478,0.578423,6.46428,6.51852
1000000,96.2459,117.24,0.430781,0.045478,0.578423,6.50932,6.51852
10000000,96.2459,117.24,0.430781,0.045478,0.578423,6.51876,6.51852
1000,96.1025,117.228,0.334474,0.0396834,0.543713,3.77357,3.57186
10000,96.1025,117.228,0.334474,0.0396834,0.543713,3.44521,3.57186
100000,96.1025,117.228,0.334474,0.0396834,0.543713,3.61431,3.57186
1000000,96.1025,117.228,0.334474,0.0396834,0.543713,3.56907,3.57186
10000000,96.1025,117.228,0.334474,0.0396834,0.543713,3.57121,3.57186
1000,95.5388,94.9619,0.331308,0.0205592,0.177796,5.96935,5.769
10000,95.5388,94.9619,0.331308,0.0205592,0.177796,5.84261,5.769
100000,95.5388,94.9619,0.331308,0.0205592,0.177796,5.78466,5.769
1000000,95.5388,94.9619,0.331308,0.0205592,0.177796,5.77799,5.769
10000000,95.5388,94.9619,0.331308,0.0205592,0.177796,5.7697,5.769
1000,103.988,81.972,0.289798,0.0413505,1.92028,32.2919,32.5804
10000,103.988,81.972,0.289798,0.0413505,1.92028,32.9162,32.5804
100000,103.988,81.972,0.289798,0.0413505,1.92028,32.5591,32.5804
1000000,103.988,81.972,0.289798,0.0413505,1.92028,32.5718,32.5804
10000000,103.988,81.972,0.289798,0.0413505,1.92028,32.5953,32.5804
1000,100.679,92.6012,0.121985,0.017963,1.95869,13.0975,13.6044
10000,100.679,92.6012,0.121985,0.017963,1.95869,13.7163,13.6044
100000,100.679,92.6012,0.121985,0.017963,1.95869,13.5781,13.6044
1000000,100.679,92.6012,0.121985,0.017963,1.95869,13.6034,13.6044
10000000,100.679,92.6012,0.121985,0.017963,1.95869,13.608,13.6044
1000,104.74,86.3491,0.299679,0.0180176,0.627213,21.1073,21.7703
10000,104.74,86.3491,0.299679,0.0180176,0.627213,21.4981,21.7703
100000,104.74,86.3491,0.299679,0.0180176,0.627213,21.734,21.7703
1000000,104.74,86.3491,0.299679,0.0180176,0.627213,21.7824,21.7703
10000000,104.74,86.3491,0.299679,0.0180176,0.627213,21.7805,21.7703
1000,115.417,87.7565,0.180333,0.0346835,1.6631,32.8488,33.3623
10000,115.417,87.7565,0.180333,0.0346835,1.6631,33.5709,33.3623
100000,115.417,87.7565,0.180333,0.0346835,1.6631,33.1991,33.3623
1000000,115.417,87.7565,0.180333,0.0346835,1.6631,33.4074,33.3623
10000000,115.417,87.7565,0.180333,0.0346835,1.6631,33.3605,33.3623
1000,106.896,103.383,0.101639,0.0238459,0.63361,6.15945,6.48677
10000,106.896,103.383,0.101639,0.0238459,0.63361,6.42883,6.48677
100000,106.896,103.383,0.101639,0.0238459,0.63361,6.44584,6.48677
1000000,106.896,103.383,0.101639,0.0238459,0.63361,6.49094,6.48677
10000000,106.896,103.383,0.101639,0.0238459,0.63361,6.48587,6.48677
1000,100.42,87.7497,0.193054,0.0215467,0.837871,16.2398,15.9944
10000,100.42,87.7497,0.193054,0.0215467,0.837871,15.8158,15.9944
100000,100.42,87.7497,0.193054,0.0215467,0.837871,16.0253,15.9944
1000000,100.42,87.7497,0.193054,0.0215467,0.837871,15.972,15.9944
10000000,100.42,87.7497,0.193054,0.0215467,0.837871,15.9879,15.9944
1000,83.3165,118.004,0.431975,0.0124922,1.34544,7.52106,7.3849
10000,83.3165,118.004,0.431975,0.0124922,1.34544,7.66253,7.3849
100000,83.3165,118.004,0.431975,0.0124922,1.34544,7.41844,7.3849
1000000,83.3165,118.004,0.431975,0.0124922,1.34544,7.40652,7.3849
10000000,83.3165,118.004,0.431975,0.0124922,1.34544,7.37187,7.3849
1000,119.574,117.003,0.198818,0.021,1.28664,13.368,13.5681
10000,119.574,117.003,0.198818,0.021,1.28664,13.8435,13.5681
100000,119.574,117.003,0.198818,0.021,1.28664,13.5693,13.5681
1000000,119.574,117.003,0.198818,0.021,1.28664,13.613,13.5681
10000000,119.574,117.003,0.198818,0.021,1.28664,13.5717,13.5681
1000,115.125,116.845,0.322511,0.045174,1.36824,18.6958,19.5995
10000,115.125,116.845,0.322511,0.045174,1.36824,19.5705,19.5995
100000,115.125,116.845,0.322511,0.045174,1.36824,19.7872,19.5995
1000000,115.125,116.845,0.322511,0.045174,1.36824,19.5894,19.5995
10000000,115.125,116.845,0.322511,0.045174,1.36824,19.6092,19.5995
1000,80.9002,114.129,0.275825,0.04674,1.60471,4.21225,4.05946
10000,80.9002,114.129,0.275825,0.04674,1.60471,3.79888,4.05946
100000,80.9002,114.129,0.275825,0.04674,1.60471,4.07552,4.05946
1000000,80.9002,114.129,0.275825,0.04674,1.60471,4.04244,4.05946
10000000,80.9002,114.129,0.275825,0.04674,1.60471,4.0566,4.05946
1000,117.032,107.695,0.338571,0.0132601,1.9687,26.9261,27.4291
10000,117.032,107.695,0.338571,0.0132601,1.9687,27.9018,27.4291
100000,117.032,107.695,0.338571,0.0132601,1.9687,27.2723,27.4291
1000000,117.032,107.695,0.338571,0.0132601,1.9687,27.4544,27.4291
10000000,117.032,107.695,0.338571,0.0132601,1.9687,27.4378,27.4291
1000,103.015,81.4277,0.23994,0.0431907,0.422034,23.6861,23.3665
10000,103.015,81.4277,0.23994,0.0431907,0.422034,23.1894,23.3665
100000,103.015,81.4277,0.23994,0.0431907,0.422034,23.3365,23.3665
1000000,103.015,81.4277,0.23994,0.0431907,0.422034,23.3662,23.3665
10000000,103.015,81.4277,0.23994,0.0431907,0.422034,23.3673,23.3665
1000,88.2455,82.3485,0.110291,0.0187053,1.64617,9.60069,10.0707
10000,88.2455,82.3485,0.110291,0.0187053,1.64617,10.084,10.0707
100000,88.2455,82.3485,0.110291,0.0187053,1.64617,10.0555,10.0707
1000000,88.2455,82.3485,0.110291,0.0187053,1.64617,10.0684,10.0707
10000000,88.2455,82.3485,0.110291,0.0187053,1.64617,10.0714,10.0707
1000,95.202,87.0403,0.220453,0.0405432,0.967952,14.6457,14.7974
10000,95.202,87.0403,0.220453,0.0405432,0.967952,14.7624,14.7974
100000,95.202,87.0403,0.220453,0.0405432,0.967952,14.7422,14.7974
1000000,95.202,87.0403,0.220453,0.0405432,0.967952,14.7738,14.7974
10000000,95.202,87.0403,0.220453,0.0405432,0.967952,14.7922,14.7974
1000,99.5177,110.818,0.28249,0.0443576,1.78563,12.9207,13.7238
10000,99.5177,110.818,0.28249,0.0443576,1.78563,13.5113,13.7238
100000,99.5177,110.818,0.28249,0.0443576,1.78563,13.7705,13.7238
1000000,99.5177,110.818,0.28249,0.0443576,1.78563,13.7551,13.7238
10000000,99.5177,110.818,0.28249,0.0443576,1.78563,13.7356,13.7238
1000,91.4036,85.4465,0.105922,0.0433617,1.10006,11.0632,10.6819
10000,91.4036,85.4465,0.105922,0.0433617,1.10006,10.8541,10.6819
100000,91.4036,85.4465,0.105922,0.0433617,1.10006,10.6881,10.6819
1000000,91.4036,85.4465,0.105922,0.0433617,1.10006,10.685,10.6819
10000000,91.4036,85.4465,0.105922,0.0433617,1.10006,10.6817,10.6819
1000,107.31,115.822,0.212441,0.0139018,1.64847,9.22393,9.24368
10000,107.31,115.822,0.212441,0.0139018,1.64847,9.15654,9.24368
100000,107.31,115.822,0.212441,0.0139018,1.64847,9.20662,9.24368
1000000,107.31,115.822,0.212441,0.0139018,1.64847,9.26221,9.24368
10000000,107.31,115.822,0.212441,0.0139018,1.64847,9.23697,9.24368
1000,111.137,92.22,0.282595,0.0181062,1.57497,27.0521,27.3672
10000,111.137,92.22,0.282595,0.0181062,1.57497,27.6774,27.3672
100000,111.137,92.22,0.282595,0.0181062,1.57497,27.5516,27.3672
1000000,111.137,92.22,0.282595,0.0181062,1.57497,27.3647,27.3672
10000000,111.137,92.22,0.282595,0.0181062,1.57497,27.3664,27.3672
1000,88.9441,87.1299,0.318352,0.0430905,0.392649,8.68522,8.69653
10000,88.9441,87.1299,0.318352,0.0430905,0.392649,8.85571,8.69653
100000,88.9441,87.1299,0.318352,0.0430905,0.392649,8.69782,8.69653
1000000,88.9441,87.1299,0.318352,0.0430905,0.392649,8.69759,8.69653
10000000,88.9441,87.1299,0.318352,0.0430905,0.392649,8.69932,8.69653
1000,100.778,117.117,0.229997,0.0120198,0.139,0.162393,0.15701
10000,100.778,117.117,0.229997,0.0120198,0.139,0.170511,0.15701
100000,100.778,117.117,0.229997,0.0120198,0.139,0.157034,0.15701
1000000,100.778,117.117,0.229997,0.0120198,0.139,0.15476,0.15701
10000000,100.778,117.117,0.229997,0.0120198,0.139,0.157134,0.15701
1000,89.2491,81.2835,0.253679,0.0301306,0.98324,14.9494,14.5661
10000,89.2491,81.2835,0.253679,0.0301306,0.98324,14.5918,14.5661
100000,89.2491,81.2835,0.253679,0.0301306,0.98324,14.4969,14.5661
1000000,89.2491,81.2835,0.253679,0.0301306,0.98324,14.5766,14.5661
10000000,89.2491,81.2835,0.253679,0.0301306,0.98324,14.5665,14.5661
1000,99.3146,84.2866,0.401516,0.0378281,1.82093,31.441,31.0015
10000,99.3146,84.2866,0.401516,0.0378281,1.82093,31.0955,31.0015
100000,99.3146,84.2866,0.401516,0.0378281,1.82093,30.8451,31.0015
1000000,99.3146,84.2866,0.401516,0.0378281,1.82093,31.0923,31.0015
10000000,99.3146,84.2866,0.401516,0.0378281,1.82093,30.9991,31.0015
1000,101.083,91.4746,0.421263,0.0481104,0.82659,21.6676,21.868
10000,101.083,91.4746,0.421263,0.0481104,0.82659,21.6442,21.868
100000,101.083,91.4746,0.421263,0.0481104,0.82659,21.8799,21.868
1000000,101.083,91.4746,0.421263,0.0481104,0.82659,21.8922,21.868
10000000,101.083,91.4746,0.421263,0.0481104,0.82659,21.8496,21.868
1000,115.696,95.8621,0.397354,0.049878,0.495445,24.4825,25.8981
10000,115.696,95.8621,0.397354,0.049878,0.495445,25.8543,25.8981
100000,115.696,95.8621,0.397354,0.049878,0.495445,25.9551,25.8981
1000000,115.696,95.8621,0.397354,0.049878,0.495445,25.9468,25.8981
10000000,115.696,95.8621,0.397354,0.049878,0.495445,25.9042,25.8981
1000,97.9512,92.1008,0.433676,0.0433904,1.72611,28.2292,27.3846
10000,97.9512,92.1008,0.433676,0.0433904,1.72611,27.3711,27.3846
100000,97.9512,92.1008,0.433676,0.0433904,1.72611,27.2534,27.3846
1000000,97.9512,92.1008,0.433676,0.0433904,1.72611,27.4178,27.3846
10000000,97.9512,92.1008,0.433676,0.0433904,1.72611,27.3896,27.3846
1000,91.2852,94.4453,0.370613,0.0224762,1.04387,13.0661,13.3009
10000,91.2852,94.4453,0.370613,0.0224762,1.04387,13.4006,13.3009
100000,91.2852,94.4453,0.370613,0.0224762,1.04387,13.3361,13.3009
1000000,91.2852,94.4453,0.370613,0.0224762,1.04387,13.3118,13.3009
10000000,91.2852,94.4453,0.370613,0.0224762,1.04387,13.2959,13.3009
1000,103.25,86.039,0.377556,0.0491392,0.177131,19.2497,18.787
10000,103.25,86.039,0.377556,0.0491392,0.177131,18.6144,18.787
100000,103.25,86.039,0.377556,0.0491392,0.177131,18.8112,18.787
1000000,103.25,86.039,0.377556,0.0491392,0.177131,18.7729,18.787
10000000,103.25,86.039,0.377556,0.0491392,0.177131,18.7905,18.787
1000,119.443,100.675,0.278085,0.0489419,0.235324,20.3648,20.5182
10000,119.443,100.675,0.278085,0.0489419,0.235324,20.2497,20.5182
100000,119.443,100.675,0.278085,0.0489419,0.235324,20.4976,20.5182
1000000,119.443,100.675,0.278085,0.0489419,0.235324,20.5153,20.5182
10000000,119.443,100.675,0.278085,0.0489419,0.235324,20.5129,20.5182
1000,99.5518,99.7241,0.478769,0.0294848,0.610633,16.28,15.4703
10000,99.5518,99.7241,0.478769,0.0294848,0.610633,15.3844,15.4703
100000,99.5518,99.7241,0.478769,0.0294848,0.610633,15.3689,15.4703
1000000,99.5518,99.7241,0.478769,0.0294848,0.610633,15.4496,15.4703
10000000,99.5518,99.7241,0.478769,0.0294848,0.610633,15.4676,15.4703
1000,105.419,95.9738,0.262355,0.0308415,0.466796,13.6677,13.8101
10000,105.419,95.9738,0.262355,0.0308415,0.466796,13.992,13.8101
100000,105.419,95.9738,0.262355,0.0308415,0.466796,13.788,13.8101
1000000,105.419,95.9738,0.262355,0.0308415,0.466796,13.8276,13.8101
10000000,105.419,95.9738,0.262355,0.0308415,0.466796,13.8162,13.8101
1000,105.747,83.726,0.34221,0.0229375,1.64589,30.7984,31.6783
10000,105.747,83.726,0.34221,0.0229375,1.64589,31.6229,31.6783
100000,105.747,83.726,0.34221,0.0229375,1.64589,31.6572,31.6783
1000000,105.747,83.726,0.34221,0.0229375,1.64589,31.7209,31.6783
10000000,105.747,83.726,0.34221,0.0229375,1.64589,31.6869,31.6783
1000,86.8352,85.8529,0.311193,0.0205212,0.859957,11.4003,11.1114
10000,86.8352,85.8529,0.311193,0.0205212,0.859957,11.0457,11.1114
100000,86.8352,85.8529,0.311193,0.0205212,0.859957,11.0892,11.1114
1000000,86.8352,85.8529,0.311193,0.0205212,0.859957,11.1277,11.1114
10000000,86.8352,85.8529,0.311193,0.0205212,0.859957,11.115,11.1114
1000,105.464,87.0419,0.184776,0.0281889,0.311253,18.9381,19.2784
10000,105.464,87.0419,0.184776,0.0281889,0.311253,19.2768,19.2784
100000,105.464,87.0419,0.184776,0.0281889,0.311253,19.2396,19.2784
1000000,105.464,87.0419,0.184776,0.0281889,0.311253,19.2856,19.2784
10000000,105.464,87.0419,0.184776,0.0281889,0.311253,19.2808,19.2784
1000,109.459,114.936,0.372252,0.0396528,1.21601,18.7223,17.7724
10000,109.459,114.936,0.372252,0.0396528,1.21601,18.5179,17.7724
100000,109.459,114.936,0.372252,0.0396528,1.21601,17.7949,17.7724
1000000,109.459,114.936,0.372252,0.0396528,1.21601,17.702,17.7724
10000000,109.459,114.936,0.372252,0.0396528,1.21601,17.7684,17.7724
1000,88.5216,82.8958,0.133398,0.0424087,0.264667,6.7911,6.93619
10000,88.5216,82.8958,0.133398,0.0424087,0.264667,6.87252,6.93619
100000,88.5216,82.8958,0.133398,0.0424087,0.264667,6.96562,6.93619
1000000,88.5216,82.8958,0.133398,0.0424087,0.264667,6.93544,6.93619
10000000,88.5216,82.8958,0.133398,0.0424087,0.264667,6.93649,6.93619
1000,87.3042,107.111,0.203629,0.0464422,1.93089,5.14063,5.94912
10000,87.3042,107.111,0.203629,0.0464422,1.93089,5.88975,5.94912
100000,87.3042,107.111,0.203629,0.0464422,1.93089,5.9313,5.94912
1000000,87.3042,107.111,0.203629,0.0464422,1.93089,5.96467,5.94912
10000000,87.3042,107.111,0.203629,0.0464422,1.93089,5.95474,5.94912
1000,82.8613,109.022,0.269749,0.0137008,0.348229,0.253744,0.279606
10000,82.8613,109.022,0.269749,0.0137008,0.348229,0.282077,0.279606
100000,82.8613,109.022,0.269749,0.0137008,0.348229,0.280503,0.279606
1000000,82.8613,109.022,0.269749,0.0137008,0.348229,0.277281,0.279606
10000000,82.8613,109.022,0.269749,0.0137008,0.348229,0.279931,0.279606
1000,95.5464,85.1617,0.355406,0.0246693,1.49527,22.81,22.9199
10000,95.5464,85.1617,0.355406,0.0246693,1.49527,22.9316,22.9199
100000,95.5464,85.1617,0.355406,0.0246693,1.49527,22.9018,22.9199
1000000,95.5464,85.1617,0.355406,0.0246693,1.49527,22.9271,22.9199
10000000,95.5464,85.1617,0.355406,0.0246693,1.49527,22.9187,22.9199
1000,108.994,100.436,0.477615,0.0445129,0.567552,21.9833,20.9447
10000,108.994,100.436,0.477615,0.0445129,0.567552,21.3597,20.9447
100000,108.994,100.436,0.477615,0.0445129,0.567552,20.9006,20.9447
1000000,108.994,100.436,0.477615,0.0445129,0.567552,20.9616,20.9447
10000000,108.994,100.436,0.477615,0.0445129,0.567552,20.9616,20.9447
1000,101.726,90.1311,0.44984,0.010541,1.74654,30.6999,29.4375
10000,101.726,90.1311,0.44984,0.010541,1.74654,28.8504,29.4375
100000,101.726,90.1311,0.44984,0.010541,1.74654,29.5185,29.4375
1000000,101.726,90.1311,0.44984,0.010541,1.74654,29.4027,29.4375
10000000,101.726,90.1311,0.44984,0.010541,1.74654,29.4478,29.4375
1000,85.2302,82.2118,0.212763,0.0396092,0.778636,8.6457,9.31181
10000,85.2302,82.2118,0.212763,0.0396092,0.778636,9.31414,9.31181
100000,85.2302,82.2118,0.212763,0.0396092,0.778636,9.31244,9.31181
1000000,85.2302,82.2118,0.212763,0.0396092,0.778636,9.31353,9.31181
10000000,85.2302,82.2118,0.212763,0.0396092,0.778636,9.31312,9.31181
1000,90.387,112.27,0.462802,0.0287119,0.882503,9.35481,9.26827
10000,90.387,112.27,0.462802,0.0287119,0.882503,9.11772,9.26827
100000,90.387,112.27,0.462802,0.0287119,0.882503,9.29455,9.26827
1000000,90.387,112.27,0.462802,0.0287119,0.882503,9.28705,9.26827
10000000,90.387,112.27,0.462802,0.0287119,0.882503,9.26761,9.26827
1000,114.652,84.7426,0.145006,0.0244537,1.88359,32.8689,34.0329
10000,114.652,84.7426,0.145006,0.0244537,1.88359,34.1808,34.0329
100000,114.652,84.7426,0.145006,0.0244537,1.88359,34.0556,34.0329
1000000,114.652,84.7426,0.145006,0.0244537,1.88359,33.9879,34.0329
10000000,114.652,84.7426,0.145006,0.0244537,1.88359,34.0288,34.0329
1000,82.807,95.6242,0.213896,0.0134375,0.951615,2.74773,2.96169
10000,82.807,95.6242,0.213896,0.0134375,0.951615,3.07616,2.96169
100000,82.807,95.6242,0.213896,0.0134375,0.951615,2.93289,2.96169
1000000,82.807,95.6242,0.213896,0.0134375,0.951615,2.95804,2.96169
10000000,82.807,95.6242,0.213896,0.0134375,0.951615,2.9617,2.96169
1000,105.322,118.156,0.259359,0.0297339,1.68688,11.1067,11.2979
10000,105.322,118.156,0.259359,0.0297339,1.68688,10.9488,11.2979
100000,105.322,118.156,0.259359,0.0297339,1.68688,11.2496,11.2979
1000000,105.322,118.156,0.259359,0.0297339,1.68688,11.2968,11.2979
10000000,105.322,118.156,0.259359,0.0297339,1.68688,11.2963,11.2979
1000,85.0357,95.3446,0.466033,0.0154782,0.604032,8.49458,8.71917
10000,85.0357,95.3446,0.466033,0.0154782,0.604032,8.34903,8.71917
100000,85.0357,95.3446,0.466033,0.0154782,0.604032,8.61712,8.71917
1000000,85.0357,95.3446,0.466033,0.0154782,0.604032,8.7004,8.71917
10000000,85.0357,95.3446,0.466033,0.0154782,0.604032,8.72123,8.71917
1000,103.224,113.054,0.318215,0.045998,0.586692,7.15257,7.28587
10000,103.224,113.054,0.318215,0.045998,0.586692,6.96782,7.28587
100000,103.224,113.054,0.318215,0.045998,0.586692,7.32566,7.28587
1000000,103.224,113.054,0.318215,0.045998,0.586692,7.27134,7.28587
10000000,103.224,113.054,0.318215,0.045998,0.586692,7.28302,7.28587
1000,96.9371,80.6107,0.409773,0.0122108,1.86998,29.027,29.7327
10000,96.9371,80.6107,0.409773,0.0122108,1.86998,30.5253,29.7327
100000,96.9371,80.6107,0.409773,0.0122108,1.86998,29.8213,29.7327
1000000,96.9371,80.6107,0.409773,0.0122108,1.86998,29.6959,29.7327
10000000,96.9371,80.6107,0.409773,0.0122108,1.86998,29.7297,29.7327
1000,113.476,109.983,0.260614,0.037831,0.402774,10.0719,10.1735
10000,113.476,109.983,0.260614,0.037831,0.402774,10.1926,10.1735
100000,113.476,109.983,0.260614,0.037831,0.402774,10.1757,10.1735
1000000,113.476,109.983,0.260614,0.037831,0.402774,10.1719,10.1735
10000000,113.476,109.983,0.260614,0.037831,0.402774,10.1703,10.1735
1000,112.687,84.8489,0.428787,0.0420071,0.260963,29.0587,29.6395
10000,112.687,84.8489,0.428787,0.0420071,0.260963,30.0903,29.6395
100000,112.687,84.8489,0.428787,0.0420071,0.260963,29.7179,29.6395
1000000,112.687,84.8489,0.428787,0.0420071,0.260963,29.6463,29.6395
10000000,112.687,84.8489,0.428787,0.0420071,0.260963,29.633,29.6395
1000,92.8357,98.9561,0.287507,0.0374354,0.352596,4.60234,4.35005
10000,92.8357,98.9561,0.287507,0.0374354,0.352596,4.38449,4.35005
100000,92.8357,98.9561,0.287507,0.0374354,0.352596,4.36138,4.35005
1000000,92.8357,98.9561,0.287507,0.0374354,0.352596,4.35148,4.35005
10000000,92.8357,98.9561,0.287507,0.0374354,0.352596,4.34864,4.35005
1000,118.48,112.683,0.277382,0.0355661,0.506443,12.7692,13.4425
10000,118.48,112.683,0.277382,0.0355661,0.506443,13.4544,13.4425
100000,118.48,112.683,0.277382,0.0355661,0.506443,13.4576,13.4425
1000000,118.48,112.683,0.277382,0.0355661,0.506443,13.462,13.4425
10000000,118.48,112.683,0.277382,0.0355661,0.506443,13.4478,13.4425
1000,104.403,100.266,0.113286,0.0195478,1.45976,9.84024,9.66902
10000,104.403,100.266,0.113286,0.0195478,1.45976,9.66825,9.66902
100000,104.403,100.266,0.113286,0.0195478,1.45976,9.69837,9.66902
1000000,104.403,100.266,0.113286,0.0195478,1.45976,9.65762,9.66902
10000000,104.403,100.266,0.113286,0.0195478,1.45976,9.67088,9.66902
1000,88.8965,114.061,0.116508,0.0296457,1.09474,0.219748,0.181683
10000,88.8965,114.061,0.116508,0.0296457,1.09474,0.17959,0.181683
100000,88.8965,114.061,0.116508,0.0296457,1.09474,0.183703,0.181683
1000000,88.8965,114.061,0.116508,0.0296457,1.09474,0.182247,0.181683
10000000,88.8965,114.061,0.116508,0.0296457,1.09474,0.182588,0.181683
1000,104.055,116.614,0.395265,0.0482741,1.13816,17.2398,14.9146
10000,104.055,116.614,0.395265,0.0482741,1.13816,14.9609,14.9146
100000,104.055,116.614,0.395265,0.0482741,1.13816,14.9146,14.9146
1000000,104.055,116.614,0.395265,0.0482741,1.13816,14.9527,14.9146
10000000,104.055,116.614,0.395265,0.0482741,1.13816,14.9268,14.9146
1000,96.3738,118.822,0.428144,0.0358308,0.981721,9.98401,10.0063
10000,96.3738,118.822,0.428144,0.0358308,0.981721,10.2416,10.0063
100000,96.3738,118.822,0.428144,0.0358308,0.981721,10.1146,10.0063
1000000,96.3738,118.822,0.428144,0.0358308,0.981721,9.98711,10.0063
10000000,96.3738,118.822,0.428144,0.0358308,0.981721,10.0071,10.0063
1000,112.693,102.191,0.259635,0.0192719,1.69894,21.7038,22.1461
10000,112.693,102.191,0.259635,0.0192719,1.69894,21.9758,22.1461
100000,112.693,102.191,0.259635,0.0192719,1.69894,22.1402,22.1461
1000000,112.693,102.191,0.259635,0.0192719,1.69894,22.1406,22.1461
10000000,112.693,102.191,0.259635,0.0192719,1.69894,22.1476,22.1461
1000,89.6472,84.0335,0.468527,0.0271276,1.30333,21.9118,22.577
10000,89.6472,84.0335,0.468527,0.0271276,1.30333,22.9892,22.577
100000,89.6472,84.0335,0.468527,0.0271276,1.30333,22.811,22.577
1000000,89.6472,84.0335,0.468527,0.0271276,1.30333,22.5872,22.577
10000000,89.6472,84.0335,0.468527,0.0271276,1.30333,22.602,22.577
1000,109.05,107.992,0.117396,0.0444474,1.85067,11.8967,12.4968
10000,109.05,107.992,0.117396,0.0444474,1.85067,12.4913,12.4968
100000,109.05,107.992,0.117396,0.0444474,1.85067,12.4973,12.4968
1000000,109.05,107.992,0.117396,0.0444474,1.85067,12.4927,12.4968
10000000,109.05,107.992,0.117396,0.0444474,1.85067,12.4902,12.4968
1000,80.9646,96.8615,0.143161,0.0126315,1.04808,0.965158,0.827327
10000,80.9646,96.8615,0.143161,0.0126315,1.04808,0.826413,0.827327
100000,80.9646,96.8615,0.143161,0.0126315,1.04808,0.840324,0.827327
1000000,80.9646,96.8615,0.143161,0.0126315,1.04808,0.824638,0.827327
10000000,80.9646,96.8615,0.143161,0.0126315,1.04808,0.827738,0.827327
1000,107.903,103.317,0.111177,0.0491588,1.56354,13.9552,13.7386
10000,107.903,103.317,0.111177,0.0491588,1.56354,13.9875,13.7386
100000,107.903,103.317,0.111177,0.0491588,1.56354,13.7908,13.7386
1000000,107.903,103.317,0.111177,0.0491588,1.56354,13.7543,13.7386
10000000,107.903,103.317,0.111177,0.0491588,1.56354,13.7439,13.7386
1000,116.421,84.7789,0.29227,0.0377291,0.451755,32.7016,33.426
10000,116.421,84.7789,0.29227,0.0377291,0.451755,33.7326,33.426
100000,116.421,84.7789,0.29227,0.0377291,0.451755,33.4339,33.426
1000000,116.421,84.7789,0.29227,0.0377291,0.451755,33.4487,33.426
10000000,116.421,84.7789,0.29227,0.0377291,0.451755,33.4181,33.426
1000,102.297,106.173,0.120358,0.0103124,1.90774,6.28898,5.97041
10000,102.297,106.173,0.120358,0.0103124,1.90774,6.035,5.97041
100000,102.297,106.173,0.120358,0.0103124,1.90774,5.94966,5.97041
1000000,102.297,106.173,0.120358,0.0103124,1.90774,5.9783,5.97041
10000000,102.297,106.173,0.120358,0.0103124,1.90774,5.96629,5.97041
1000,108.653,95.5978,0.249395,0.0372858,0.752486,17.8885,18.6854
10000,108.653,95.5978,0.249395,0.0372858,0.752486,18.9206,18.6854
100000,108.653,95.5978,0.249395,0.0372858,0.752486,18.7872,18.6854
1000000,108.653,95.5978,0.249395,0.0372858,0.752486,18.6776,18.6854
10000000,108.653,95.5978,0.249395,0.0372858,0.752486,18.6868,18.6854
1000,95.9719,102.203,0.47337,0.047128,0.492532,10.101,11.0657
10000,95.9719,102.203,0.47337,0.047128,0.492532,10.8885,11.0657
100000,95.9719,102.203,0.47337,0.047128,0.492532,11.0615,11.0657
1000000,95.9719,102.203,0.47337,0.047128,0.492532,11.0547,11.0657
10000000,95.9719,102.203,0.47337,0.047128,0.492532,11.0747,11.0657
1000,103.597,91.5416,0.380014,0.0124827,1.64631,28.1891,26.3638
10000,103.597,91.5416,0.380014,0.0124827,1.64631,27.1043,26.3638
100000,103.597,91.5416,0.380014,0.0124827,1.64631,26.4733,26.3638
1000000,103.597,91.5416,0.380014,0.0124827,1.64631,26.2727,26.3638
10000000,103.597,91.5416,0.380014,0.0124827,1.64631,26.3515,26.3638
1000,105.176,86.3058,0.408685,0.0177082,1.59282,32.6769,31.6434
10000,105.176,86.3058,0.408685,0.0177082,1.59282,32.3631,31.6434
100000,105.176,86.3058,0.408685,0.0177082,1.59282,31.9684,31.6434
1000000,105.176,86.3058,0.408685,0.0177082,1.59282,31.6089,31.6434
10000000,105.176,86.3058,0.408685,0.0177082,1.59282,31.6584,31.6434
1000,105.577,111.348,0.499052,0.0147564,1.41727,22.6284,23.3682
10000,105.577,111.348,0.499052,0.0147564,1.41727,23.6686,23.3682
100000,105.577,111.348,0.499052,0.0147564,1.41727,23.2642,23.3682
1000000,105.577,111.348,0.499052,0.0147564,1.41727,23.3037,23.3682
10000000,105.577,111.348,0.499052,0.0147564,1.41727,23.3613,23.3682
1000,99.0945,99.5415,0.42313,0.0231547,1.64418,20.4052,22.5137
10000,99.0945,99.5415,0.42313,0.0231547,1.64418,21.8352,22.5137
100000,99.0945,99.5415,0.42313,0.0231547,1.64418,22.362,22.5137
1000000,99.0945,99.5415,0.42313,0.0231547,1.64418,22.5749,22.5137
10000000,99.0945,99.5415,0.42313,0.0231547,1.64418,22.4947,22.5137
1000,108.321,105.505,0.349628,0.0322589,1.65032,21.7355,22.9394
10000,108.321,105.505,0.349628,0.0322589,1.65032,23.2895,22.9394
100000,108.321,105.505,0.349628,0.0322589,1.65032,23.155,22.9394
1000000,108.321,105.505,0.349628,0.0322589,1.65032,22.9603,22.9394
10000000,108.321,105.505,0.349628,0.0322589,1.65032,22.9315,22.9394
1000,105.063,107.467,0.103808,0.023288,0.667897,3.31027,3.20688
10000,105.063,107.467,0.103808,0.023288,0.667897,3.24339,3.20688
100000,105.063,107.467,0.103808,0.023288,0.667897,3.23404,3.20688
1000000,105.063,107.467,0.103808,0.023288,0.667897,3.20491,3.20688
10000000,105.063,107.467,0.103808,0.023288,0.667897,3.20796,3.20688
1000,84.0302,103.358,0.1164,0.0101474,1.31057,0.462974,0.400727
10000,84.0302,103.358,0.1164,0.0101474,1.31057,0.416868,0.400727
100000,84.0302,103.358,0.1164,0.0101474,1.31057,0.394415,0.400727
1000000,84.0302,103.358,0.1164,0.0101474,1.31057,0.404651,0.400727
10000000,84.0302,103.358,0.1164,0.0101474,1.31057,0.401883,0.400727
1000,117.26,116.894,0.317563,0.0144744,0.469208,10.4104,10.695
10000,117.26,116.894,0.317563,0.0144744,0.469208,10.8168,10.695
100000,117.26,116.894,0.317563,0.0144744,0.469208,10.5922,10.695
1000000,117.26,116.894,0.317563,0.0144744,0.469208,10.6823,10.695
10000000,117.26,116.894,0.317563,0.0144744,0.469208,10.6933,10.695
1000,86.9407,87.6233,0.454619,0.0227354,1.92657,23.734,22.7177
10000,86.9407,87.6233,0.454619,0.0227354,1.92657,22.2055,22.7177
100000,86.9407,87.6233,0.454619,0.0227354,1.92657,22.6473,22.7177
1000000,86.9407,87.6233,0.454619,0.0227354,1.92657,22.7849,22.7177
10000000,86.9407,87.6233,0.454619,0.0227354,1.92657,22.7145,22.7177
1000,86.9592,108.923,0.319782,0.0225521,0.141042,0.132281,0.147032
10000,86.9592,108.923,0.319782,0.0225521,0.141042,0.138699,0.147032
100000,86.9592,108.923,0.319782,0.0225521,0.141042,0.143966,0.147032
1000000,86.9592,108.923,0.319782,0.0225521,0.141042,0.148444,0.147032
10000000,86.9592,108.923,0.319782,0.0225521,0.141042,0.147124,0.147032
1000,89.9232,90.1625,0.43931,0.0397159,0.524011,11.6894,12.0853
10000,89.9232,90.1625,0.43931,0.0397159,0.524011,11.9295,12.0853
100000,89.9232,90.1625,0.43931,0.0397159,0.524011,12.1388,12.0853
1000000,89.9232,90.1625,0.43931,0.0397159,0.524011,12.1248,12.0853
10000000,89.9232,90.1625,0.43931,0.0397159,0.524011,12.0882,12.0853
1000,101.138,96.8701,0.41741,0.0246572,1.60878,26.3523,24.5351
10000,101.138,96.8701,0.41741,0.0246572,1.60878,24.5462,24.5351
100000,101.138,96.8701,0.41741,0.0246572,1.60878,24.5007,24.5351
1000000,101.138,96.8701,0.41741,0.0246572,1.60878,24.4323,24.5351
10000000,101.138,96.8701,0.41741,0.0246572,1.60878,24.5228,24.5351
1000,116.93,116.15,0.312736,0.0298593,1.41382,20.399,19.7699
10000,116.93,116.15,0.312736,0.0298593,1.41382,19.9948,19.7699
100000,116.93,116.15,0.312736,0.0298593,1.41382,19.6356,19.7699
1000000,116.93,116.15,0.312736,0.0298593,1.41382,19.7663,19.7699
10000000,116.93,116.15,0.312736,0.0298593,1.41382,19.7508,19.7699
1000,88.3649,87.3399,0.215899,0.0434888,0.318927,5.4709,5.44794
10000,88.3649,87.3399,0.215899,0.0434888,0.318927,5.59377,5.44794
100000,88.3649,87.3399,0.215899,0.0434888,0.318927,5.47814,5.44794
1000000,88.3649,87.3399,0.215899,0.0434888,0.318927,5.45132,5.44794
10000000,88.3649,87.3399,0.215899,0.0434888,0.318927,5.44494,5.44794
1000,97.4077,96.5824,0.427987,0.0103971,0.343638,9.78489,10.2616
10000,97.4077,96.5824,0.427987,0.0103971,0.343638,10.1807,10.2616
100000,97.4077,96.5824,0.427987,0.0103971,0.343638,10.2836,10.2616
1000000,97.4077,96.5824,0.427987,0.0103971,0.343638,10.2684,10.2616
10000000,97.4077,96.5824,0.427987,0.0103971,0.343638,10.2623,10.2616
1000,98.7894,85.1303,0.227787,0.0433618,1.60506,22.196,22.6759
10000,98.7894,85.1303,0.227787,0.0433618,1.60506,22.6855,22.6759
100000,98.7894,85.1303,0.227787,0.0433618,1.60506,22.7482,22.6759
1000000,98.7894,85.1303,0.227787,0.0433618,1.60506,22.6726,22.6759
10000000,98.7894,85.1303,0.227787,0.0433618,1.60506,22.6807,22.6759
1000,99.5339,95.55,0.272162,0.0106131,0.469791,9.88409,9.67697
10000,99.5339,95.55,0.272162,0.0106131,0.469791,9.54215,9.67697
100000,99.5339,95.55,0.272162,0.0106131,0.469791,9.70642,9.67697
1000000,99.5339,95.55,0.272162,0.0106131,0.469791,9.68232,9.67697
10000000,99.5339,95.55,0.272162,0.0106131,0.469791,9.67591,9.67697
1000,85.7334,103.389,0.450507,0.0137885,1.83537,14.2381,15.5827
10000,85.7334,103.389,0.450507,0.0137885,1.83537,16.046,15.5827
100000,85.7334,103.389,0.450507,0.0137885,1.83537,15.4357,15.5827
1000000,85.7334,103.389,0.450507,0.0137885,1.83537,15.6547,15.5827
10000000,85.7334,103.389,0.450507,0.0137885,1.83537,15.6066,15.5827
1000,89.9693,115.551,0.210915,0.0430997,1.5329,3.5962,3.63024
10000,89.9693,115.551,0.210915,0.0430997,1.5329,3.54346,3.63024
100000,89.9693,115.551,0.210915,0.0430997,1.5329,3.58383,3.63024
1000000,89.9693,115.551,0.210915,0.0430997,1.5329,3.62986,3.63024
10000000,89.9693,115.551,0.210915,0.0430997,1.5329,3.63416,3.63024
1000,102.293,81.8179,0.240996,0.0407068,1.70543,29.1695,28.5841
10000,102.293,81.8179,0.240996,0.0407068,1.70543,28.1191,28.5841
100000,102.293,81.8179,0.240996,0.0407068,1.70543,28.579,28.5841
1000000,102.293,81.8179,0.240996,0.0407068,1.70543,28.5491,28.5841
10000000,102.293,81.8179,0.240996,0.0407068,1.70543,28.5998,28.5841
1000,84.0989,81.0935,0.18348,0.0260357,1.51451,10.2563,10.7589
10000,84.0989,81.0935,0.18348,0.0260357,1.51451,10.7934,10.7589
100000,84.0989,81.0935,0.18348,0.0260357,1.51451,10.6918,10.7589
1000000,84.0989,81.0935,0.18348,0.0260357,1.51451,10.7778,10.7589
10000000,84.0989,81.0935,0.18348,0.0260357,1.51451,10.7587,10.7589
1000,89.3113,111.81,0.336799,0.0378672,1.5442,9.11225,9.30278
10000,89.3113,111.81,0.336799,0.0378672,1.5442,9.16606,9.30278
100000,89.3113,111.81,0.336799,0.0378672,1.5442,9.2461,9.30278
1000000,89.3113,111.81,0.336799,0.0378672,1.5442,9.29141,9.30278
10000000,89.3113,111.81,0.336799,0.0378672,1.5442,9.31115,9.30278
1000,112.674,105.11,0.149758,0.0144118,0.109439,7.89573,7.91284
10000,112.674,105.11,0.149758,0.0144118,0.109439,7.86581,7.91284
100000,112.674,105.11,0.149758,0.0144118,0.109439,7.90434,7.91284
1000000,112.674,105.11,0.149758,0.0144118,0.109439,7.91293,7.91284
10000000,112.674,105.11,0.149758,0.0144118,0.109439,7.91238,7.91284
1000,119.343,109.181,0.390253,0.0494173,1.19909,27.5302,28.1237
10000,119.343,109.181,0.390253,0.0494173,1.19909,27.7142,28.1237
100000,119.343,109.181,0.390253,0.0494173,1.19909,27.6888,28.1237
1000000,119.343,109.181,0.390253,0.0494173,1.19909,28.1103,28.1237
10000000,119.343,109.181,0.390253,0.0494173,1.19909,28.1058,28.1237
1000,115.004,109.829,0.112333,0.0137324,1.21607,9.3086,9.6948
10000,115.004,109.829,0.112333,0.0137324,1.21607,9.62528,9.6948
100000,115.004,109.829,0.112333,0.0137324,1.21607,9.68154,9.6948
1000000,115.004,109.829,0.112333,0.0137324,1.21607,9.68716,9.6948
10000000,115.004,109.829,0.112333,0.0137324,1.21607,9.69503,9.6948
1000,94.0127,95.5118,0.278747,0.0387559,1.56584,14.1243,14.897
10000,94.0127,95.5118,0.278747,0.0387559,1.56584,14.8304,14.897
100000,94.0127,95.5118,0.278747,0.0387559,1.56584,14.8498,14.897
1000000,94.0127,95.5118,0.278747,0.0387559,1.56584,14.8688,14.897
10000000,94.0127,95.5118,0.278747,0.0387559,1.56584,14.8989,14.897
1000,104.595,101.791,0.256406,0.0112135,1.26187,14.2947,13.9717
10000,104.595,101.791,0.256406,0.0112135,1.26187,13.9585,13.9717
100000,104.595,101.791,0.256406,0.0112135,1.26187,13.9494,13.9717
1000000,104.595,101.791,0.256406,0.0112135,1.26187,14.0003,13.9717
10000000,104.595,101.791,0.256406,0.0112135,1.26187,13.9691,13.9717
1000,119.305,94.5284,0.291879,0.0388076,0.297616,26.6669,26.3164
10000,119.305,94.5284,0.291879,0.0388076,0.297616,26.0574,26.3164
100000,119.305,94.5284,0.291879,0.0388076,0.297616,26.2537,26.3164
1000000,119.305,94.5284,0.291879,0.0388076,0.297616,26.3336,26.3164
10000000,119.305,94.5284,0.291879,0.0388076,0.297616,26.3072,26.3164
1000,106.401,101.938,0.187014,0.0481588,0.827359,12.9148,11.9478
10000,106.401,101.938,0.187014,0.0481588,0.827359,11.6522,11.9478
100000,106.401,101.938,0.187014,0.0481588,0.827359,11.8858,11.9478
1000000,106.401,101.938,0.187014,0.0481588,0.827359,11.9571,11.9478
10000000,106.401,101.938,0.187014,0.0481588,0.827359,11.9424,11.9478
1000,81.3279,83.0788,0.447676,0.0102354,0.988786,13.1172,13.9527
10000,81.3279,83.0788,0.447676,0.0102354,0.988786,13.97,13.9527
100000,81.3279,83.0788,0.447676,0.0102354,0.988786,13.9407,13.9527
1000000,81.3279,83.0788,0.447676,0.0102354,0.988786,13.9523,13.9527
10000000,81.3279,83.0788,0.447676,0.0102354,0.988786,13.9415,13.9527
1000,81.7495,116.488,0.340421,0.0241164,0.676162,1.87254,1.48906
10000,81.7495,116.488,0.340421,0.0241164,0.676162,1.56931,1.48906
100000,81.7495,116.488,0.340421,0.0241164,0.676162,1.46178,1.48906
1000000,81.7495,116.488,0.340421,0.0241164,0.676162,1.5115,1.48906
10000000,81.7495,116.488,0.340421,0.0241164,0.676162,1.493,1.48906
1000,89.5912,80.7167,0.132334,0.0459912,0.738698,12.3093,12.0864
10000,89.5912,80.7167,0.132334,0.0459912,0.738698,12.1416,12.0864
100000,89.5912,80.7167,0.132334,0.0459912,0.738698,12.1037,12.0864
1000000,89.5912,80.7167,0.132334,0.0459912,0.738698,12.1044,12.0864
10000000,89.5912,80.7167,0.132334,0.0459912,0.738698,12.0787,12.0864
1000,89.6294,95.3844,0.274247,0.0420209,1.45062,11.7607,11.7077
10000,89.6294,95.3844,0.274247,0.0420209,1.45062,11.7943,11.7077
100000,89.6294,95.3844,0.274247,0.0420209,1.45062,11.6813,11.7077
1000000,89.6294,95.3844,0.274247,0.0420209,1.45062,11.6606,11.7077
10000000,89.6294,95.3844,0.274247,0.0420209,1.45062,11.706,11.7077
1000,99.4696,94.149,0.334741,0.0343088,1.0845,16.5955,17.9895
10000,99.4696,94.149,0.334741,0.0343088,1.0845,17.6861,17.9895
100000,99.4696,94.149,0.334741,0.0343088,1.0845,18.1282,17.9895
1000000,99.4696,94.149,0.334741,0.0343088,1.0845,18.0545,17.9895
10000000,99.4696,94.149,0.334741,0.0343088,1.0845,17.9865,17.9895
1000,86.0726,83.6788,0.255636,0.0493428,1.70981,15.8535,15.9999
10000,86.0726,83.6788,0.255636,0.0493428,1.70981,16.0269,15.9999
100000,86.0726,83.6788,0.255636,0.0493428,1.70981,15.8758,15.9999
1000000,86.0726,83.6788,0.255636,0.0493428,1.70981,16.0066,15.9999
10000000,86.0726,83.6788,0.255636,0.0493428,1.70981,15.9936,15.9999
1000,84.1788,115.872,0.409706,0.021953,0.980244,5.64194,5.27484
10000,84.1788,115.872,0.409706,0.021953,0.980244,4.89135,5.27484
100000,84.1788,115.872,0.409706,0.021953,0.980244,5.26859,5.27484
1000000,84.1788,115.872,0.409706,0.021953,0.980244,5.27422,5.27484
10000000,84.1788,115.872,0.409706,0.021953,0.980244,5.27129,5.27484
1000,116.173,80.7912,0.453911,0.0314809,1.06437,43.269,42.8952
10000,116.173,80.7912,0.453911,0.0314809,1.06437,43.9061,42.8952
100000,116.173,80.7912,0.453911,0.0314809,1.06437,42.8765,42.8952
1000000,116.173,80.7912,0.453911,0.0314809,1.06437,42.9337,42.8952
10000000,116.173,80.7912,0.453911,0.0314809,1.06437,42.899,42.8952
1000,96.5783,97.8262,0.202213,0.0393186,0.854126,8.43645,8.15128
10000,96.5783,97.8262,0.202213,0.0393186,0.854126,8.05713,8.15128
100000,96.5783,97.8262,0.202213,0.0393186,0.854126,8.13937,8.15128
1000000,96.5783,97.8262,0.202213,0.0393186,0.854126,8.15075,8.15128
10000000,96.5783,97.8262,0.202213,0.0393186,0.854126,8.15428,8.15128
1000,92.2164,106.74,0.180072,0.0407184,1.19351,3.78237,3.77944
10000,92.2164,106.74,0.180072,0.0407184,1.19351,3.70922,3.77944
100000,92.2164,106.74,0.180072,0.0407184,1.19351,3.72301,3.77944
1000000,92.2164,106.74,0.180072,0.0407184,1.19351,3.78855,3.77944
10000000,92.2164,106.74,0.180072,0.0407184,1.19351,3.785,3.77944
1000,86.9043,90.3383,0.472591,0.0226409,0.708782,14.1659,12.8853
10000,86.9043,90.3383,0.472591,0.0226409,0.708782,12.9851,12.8853
100000,86.9043,90.3383,0.472591,0.0226409,0.708782,12.8323,12.8853
1000000,86.9043,90.3383,0.472591,0.0226409,0.708782,12.8664,12.8853
10000000,86.9043,90.3383,0.472591,0.0226409,0.708782,12.8901,12.8853
1000,115.477,82.8838,0.236679,0.0374025,1.45645,37.5133,38.0877
10000,115.477,82.8838,0.236679,0.0374025,1.45645,37.6265,38.0877
100000,115.477,82.8838,0.236679,0.0374025,1.45645,38.2674,38.0877
1000000,115.477,82.8838,0.236679,0.0374025,1.45645,38.0807,38.0877
10000000,115.477,82.8838,0.236679,0.0374025,1.45645,38.0785,38.0877
1000,100.529,83.2635,0.14724,0.0438777,1.50557,22.7765,23.162
10000,100.529,83.2635,0.14724,0.0438777,1.50557,23.1622,23.162
100000,100.529,83.2635,0.14724,0.0438777,1.50557,23.1854,23.162
1000000,100.529,83.2635,0.14724,0.0438777,1.50557,23.1668,23.162
10000000,100.529,83.2635,0.14724,0.0438777,1.50557,23.1631,23.162
1000,89.1755,100.683,0.386345,0.025327,0.303405,3.78857,3.75415
10000,89.1755,100.683,0.386345,0.025327,0.303405,3.71858,3.75415
100000,89.1755,100.683,0.386345,0.025327,0.303405,3.7412,3.75415
1000000,89.1755,100.683,0.386345,0.025327,0.303405,3.73365,3.75415
10000000,89.1755,100.683,0.386345,0.025327,0.303405,3.75595,3.75415
1000,80.0396,119.814,0.492866,0.0406336,0.679184,3.22436,3.71336
10000,80.0396,119.814,0.492866,0.0406336,0.679184,3.59244,3.71336
100000,80.0396,119.814,0.492866,0.0406336,0.679184,3.66874,3.71336
1000000,80.0396,119.814,0.492866,0.0406336,0.679184,3.70758,3.71336
10000000,80.0396,119.814,0.492866,0.0406336,0.679184,3.70321,3.71336
1000,104.272,96.9464,0.341807,0.0464584,0.827799,17.418,18.4638
10000,104.272,96.9464,0.341807,0.0464584,0.827799,18.3993,18.4638
100000,104.272,96.9464,0.341807,0.0464584,0.827799,18.3415,18.4638
1000000,104.272,96.9464,0.341807,0.0464584,0.827799,18.4546,18.4638
10000000,104.272,96.9464,0.341807,0.0464584,0.827799,18.4614,18.4638
1000,110.171,93.3617,0.423932,0.0496234,1.96209,36.1088,37.5982
10000,110.171,93.3617,0.423932,0.0496234,1.96209,39.3676,37.5982
100000,110.171,93.3617,0.423932,0.0496234,1.96209,37.6587,37.5982
1000000,110.171,93.3617,0.423932,0.0496234,1.96209,37.5045,37.5982
10000000,110.171,93.3617,0.423932,0.0496234,1.96209,37.6066,37.5982
1000,87.8267,94.3413,0.469391,0.0249995,0.718934,12.6218,11.9447
10000,87.8267,94.3413,0.469391,0.0249995,0.718934,11.7521,11.9447
100000,87.8267,94.3413,0.469391,0.0249995,0.718934,11.8286,11.9447
1000000,87.8267,94.3413,0.469391,0.0249995,0.718934,11.9285,11.9447
10000000,87.8267,94.3413,0.469391,0.0249995,0.718934,11.9466,11.9447
1000,81.4372,87.9201,0.337942,0.0419108,1.44789,12.6721,12.5828
10000,81.4372,87.9201,0.337942,0.0419108,1.44789,12.7427,12.5828
100000,81.4372,87.9201,0.337942,0.0419108,1.44789,12.6791,12.5828
1000000,81.4372,87.9201,0.337942,0.0419108,1.44789,12.6256,12.5828
10000000,81.4372,87.9201,0.337942,0.0419108,1.44789,12.5813,12.5828
1000,93.0618,87.1933,0.248434,0.0235812,0.249036,8.15935,8.33979
10000,93.0618,87.1933,0.248434,0.0235812,0.249036,8.3007,8.33979
100000,93.0618,87.1933,0.248434,0.0235812,0.249036,8.33361,8.33979
1000000,93.0618,87.1933,0.248434,0.0235812,0.249036,8.32118,8.33979
10000000,93.0618,87.1933,0.248434,0.0235812,0.249036,8.34225,8.33979
1000,89.4835,115.722,0.274982,0.0114043,0.416286,0.512792,0.626594
10000,89.4835,115.722,0.274982,0.0114043,0.416286,0.570961,0.626594
100000,89.4835,115.722,0.274982,0.0114043,0.416286,0.63491,0.626594
1000000,89.4835,115.722,0.274982,0.0114043,0.416286,0.629036,0.626594
10000000,89.4835,115.722,0.274982,0.0114043,0.416286,0.626087,0.626594
1000,99.8858,93.6102,0.145557,0.0393557,1.3923,13.3175,13.5834
10000,99.8858,93.6102,0.145557,0.0393557,1.3923,13.555,13.5834
100000,99.8858,93.6102,0.145557,0.0393557,1.3923,13.6166,13.5834
1000000,99.8858,93.6102,0.145557,0.0393557,1.3923,13.5624,13.5834
10000000,99.8858,93.6102,0.145557,0.0393557,1.3923,13.5861,13.5834
1000,108.219,87.9345,0.408887,0.0474305,1.33485,34.0834,33.426
10000,108.219,87.9345,0.408887,0.0474305,1.33485,33.915,33.426
100000,108.219,87.9345,0.408887,0.0474305,1.33485,33.4357,33.426
1000000,108.219,87.9345,0.408887,0.0474305,1.33485,33.4624,33.426
10000000,108.219,87.9345,0.408887,0.0474305,1.33485,33.43,33.426
1000,115.915,118.297,0.299965,0.0164849,1.55865,18.3223,17.4819
10000,115.915,118.297,0.299965,0.0164849,1.55865,17.3811,17.4819
100000,115.915,118.297,0.299965,0.0164849,1.55865,17.3226,17.4819
1000000,115.915,118.297,0.299965,0.0164849,1.55865,17.4717,17.4819
10000000,115.915,118.297,0.299965,0.0164849,1.55865,17.5004,17.4819
1000,84.0377,85.2612,0.367113,0.0352793,0.622565,9.89149,9.95885
10000,84.0377,85.2612,0.367113,0.0352793,0.622565,10.1344,9.95885
100000,84.0377,85.2612,0.367113,0.0352793,0.622565,9.97115,9.95885
1000000,84.0377,85.2612,0.367113,0.0352793,0.622565,10.0011,9.95885
10000000,84.0377,85.2612,0.367113,0.0352793,0.622565,9.95907,9.95885
1000,115.569,109.194,0.449486,0.0129095,1.80864,29.5028,31.0669
10000,115.569,109.194,0.449486,0.0129095,1.80864,31.1984,31.0669
100000,115.569,109.194,0.449486,0.0129095,1.80864,31.398,31.0669
1000000,115.569,109.194,0.449486,0.0129095,1.80864,31.0044,31.0669
10000000,115.569,109.194,0.449486,0.0129095,1.80864,31.0688,31.0669
1000,113.892,106.959,0.390305,0.0153829,1.38687,26.0062,24.7882
10000,113.892,106.959,0.390305,0.0153829,1.38687,24.2443,24.7882
100000,113.892,106.959,0.390305,0.0153829,1.38687,25.0662,24.7882
1000000,113.892,106.959,0.390305,0.0153829,1.38687,24.8534,24.7882
10000000,113.892,106.959,0.390305,0.0153829,1.38687,24.7786,24.7882
1000,119.865,87.0447,0.400244,0.0193603,1.91215,45.1747,44.4979
10000,119.865,87.0447,0.400244,0.0193603,1.91215,45.0196,44.4979
100000,119.865,87.0447,0.400244,0.0193603,1.91215,44.5905,44.4979
1000000,119.865,87.0447,0.400244,0.0193603,1.91215,44.4633,44.4979
10000000,119.865,87.0447,0.400244,0.0193603,1.91215,44.4963,44.4979
1000,99.8306,87.0828,0.482505,0.0438053,1.5681,28.994,31.9547
10000,99.8306,87.0828,0.482505,0.0438053,1.5681,31.4505,31.9547
100000,99.8306,87.0828,0.482505,0.0438053,1.5681,31.862,31.9547
1000000,99.8306,87.0828,0.482505,0.0438053,1.5681,31.9584,31.9547
10000000,99.8306,87.0828,0.482505,0.0438053,1.5681,31.9591,31.9547
1000,117.681,91.3693,0.104477,0.0229987,1.04453,28.4456,28.4971
10000,117.681,91.3693,0.104477,0.0229987,1.04453,28.3749,28.4971
100000,117.681,91.3693,0.104477,0.0229987,1.04453,28.5442,28.4971
1000000,117.681,91.3693,0.104477,0.0229987,1.04453,28.5079,28.4971
10000000,117.681,91.3693,0.104477,0.0229987,1.04453,28.5013,28.4971
1000,81.8018,96.444,0.323294,0.0379593,1.36043,7.56095,8.64152
10000,81.8018,96.444,0.323294,0.0379593,1.36043,8.53727,8.64152
100000,81.8018,96.444,0.323294,0.0379593,1.36043,8.69167,8.64152
1000000,81.8018,96.444,0.323294,0.0379593,1.36043,8.63557,8.64152
10000000,81.8018,96.444,0.323294,0.0379593,1.36043,8.64379,8.64152
1000,113.276,80.7201,0.227234,0.0341046,0.931661,36.0932,35.4657
10000,113.276,80.7201,0.227234,0.0341046,0.931661,35.4572,35.4657
100000,113.276,80.7201,0.227234,0.0341046,0.931661,35.5656,35.4657
1000000,113.276,80.7201,0.227234,0.0341046,0.931661,35.427,35.4657
10000000,113.276,80.7201,0.227234,0.0341046,0.931661,35.4704,35.4657
1000,83.5977,93.1647,0.351979,0.0109793,0.561711,4.9705,5.42751
10000,83.5977,93.1647,0.351979,0.0109793,0.561711,5.42362,5.42751
100000,83.5977,93.1647,0.351979,0.0109793,0.561711,5.4368,5.42751
1000000,83.5977,93.1647,0.351979,0.0109793,0.561711,5.40629,5.42751
10000000,83.5977,93.1647,0.351979,0.0109793,0.561711,5.42415,5.42751
1000,99.7747,96.99,0.490708,0.022799,0.971287,19.3819,21.1485
10000,99.7747,96.99,0.490708,0.022799,0.971287,21.9344,21.1485
100000,99.7747,96.99,0.490708,0.022799,0.971287,20.9709,21.1485
1000000,99.7747,96.99,0.490708,0.022799,0.971287,21.1174,21.1485
10000000,99.7747,96.99,0.490708,0.022799,0.971287,21.1653,21.1485
1000,96.9984,94.4104,0.317241,0.0228897,0.995516,15.424,14.4047
10000,96.9984,94.4104,0.317241,0.0228897,0.995516,14.2752,14.4047
100000,96.9984,94.4104,0.317241,0.0228897,0.995516,14.4063,14.4047
1000000,96.9984,94.4104,0.317241,0.0228897,0.995516,14.4361,14.4047
10000000,96.9984,94.4104,0.317241,0.0228897,0.995516,14.4165,14.4047
1000,110.053,95.9894,0.146743,0.010264,1.51125,17.9633,17.5819
10000,110.053,95.9894,0.146743,0.010264,1.51125,17.5408,17.5819
100000,110.053,95.9894,0.146743,0.010264,1.51125,17.6582,17.5819
1000000,110.053,95.9894,0.146743,0.010264,1.51125,17.5718,17.5819
10000000,110.053,95.9894,0.146743,0.010264,1.51125,17.58,17.5819
1000,102.289,112.27,0.471516,0.0326086,0.788733,14.0718,14.214
10000,102.289,112.27,0.471516,0.0326086,0.788733,13.654,14.214
100000,102.289,112.27,0.471516,0.0326086,0.788733,14.2042,14.214
1000000,102.289,112.27,0.471516,0.0326086,0.788733,14.2268,14.214
10000000,102.289,112.27,0.471516,0.0326086,0.788733,14.2208,14.214
1000,113.846,108.035,0.44912,0.0209511,1.36958,27.3824,27.3773
10000,113.846,108.035,0.44912,0.0209511,1.36958,27.0688,27.3773
100000,113.846,108.035,0.44912,0.0209511,1.36958,27.5158,27.3773
1000000,113.846,108.035,0.44912,0.0209511,1.36958,27.3753,27.3773
10000000,113.846,108.035,0.44912,0.0209511,1.36958,27.4108,27.3773
1000,112.917,106.494,0.173439,0.0219123,1.14114,13.6584,13.3241
10000,112.917,106.494,0.173439,0.0219123,1.14114,13.5837,13.3241
100000,112.917,106.494,0.173439,0.0219123,1.14114,13.3223,13.3241
1000000,112.917,106.494,0.173439,0.0219123,1.14114,13.3223,13.3241
10000000,112.917,106.494,0.173439,0.0219123,1.14114,13.3193,13.3241
1000,113.839,105.052,0.465211,0.0174896,0.283125,16.3997,16.0364
10000,113.839,105.052,0.465211,0.0174896,0.283125,15.8121,16.0364
100000,113.839,105.052,0.465211,0.0174896,0.283125,15.961,16.0364
1000000,113.839,105.052,0.465211,0.0174896,0.283125,16.0377,16.0364
10000000,113.839,105.052,0.465211,0.0174896,0.283125,16.0404,16.0364
1000,94.763,104.547,0.312811,0.0104757,1.28825,10.6583,10.1425
10000,94.763,104.547,0.312811,0.0104757,1.28825,10.2264,10.1425
100000,94.763,104.547,0.312811,0.0104757,1.28825,10.1674,10.1425
1000000,94.763,104.547,0.312811,0.0104757,1.28825,10.1015,10.1425
10000000,94.763,104.547,0.312811,0.0104757,1.28825,10.1429,10.1425
1000,85.7273,93.4977,0.467484,0.021577,1.05592,12.6923,14.1239
10000,85.7273,93.4977,0.467484,0.021577,1.05592,13.9392,14.1239
100000,85.7273,93.4977,0.467484,0.021577,1.05592,13.9831,14.1239
1000000,85.7273,93.4977,0.467484,0.021577,1.05592,14.1501,14.1239
10000000,85.7273,93.4977,0.467484,0.021577,1.05592,14.118,14.1239
1000,95.6564,101.134,0.216777,0.0255443,1.58639,9.47817,9.75189
10000,95.6564,101.134,0.216777,0.0255443,1.58639,9.85141,9.75189
100000,95.6564,101.134,0.216777,0.0255443,1.58639,9.81029,9.75189
1000000,95.6564,101.134,0.216777,0.0255443,1.58639,9.76699,9.75189
10000000,95.6564,101.134,0.216777,0.0255443,1.58639,9.75996,9.75189
1000,88.2908,84.1914,0.449698,0.0340502,1.28553,20.1241,21.1096
10000,88.2908,84.1914,0.449698,0.0340502,1.28553,20.3006,21.1096
100000,88.2908,84.1914,0.449698,0.0340502,1.28553,21.0402,21.1096
1000000,88.2908,84.1914,0.449698,0.0340502,1.28553,21.09,21.1096
10000000,88.2908,84.1914,0.449698,0.0340502,1.28553,21.1234,21.1096
1000,119.726,91.8008,0.106225,0.0404769,0.967009,30.929,31.4548
10000,119.726,91.8008,0.106225,0.0404769,0.967009,31.3427,31.4548
100000,119.726,91.8008,0.106225,0.0404769,0.967009,31.3896,31.4548
1000000,119.726,91.8008,0.106225,0.0404769,0.967009,31.463,31.4548
10000000,119.726,91.8008,0.106225,0.0404769,0.967009,31.4498,31.4548
1000,94.3156,116.867,0.431434,0.0420722,1.48939,15.6694,14.3145
10000,94.3156,116.867,0.431434,0.0420722,1.48939,14.4419,14.3145
100000,94.3156,116.867,0.431434,0.0420722,1.48939,14.4306,14.3145
1000000,94.3156,116.867,0.431434,0.0420722,1.48939,14.3083,14.3145
10000000,94.3156,116.867,0.431434,0.0420722,1.48939,14.3267,14.3145
1000,116.055,87.8524,0.343942,0.0259599,0.128608,28.1718,28.543
10000,116.055,87.8524,0.343942,0.0259599,0.128608,28.2824,28.543
100000,116.055,87.8524,0.343942,0.0259599,0.128608,28.5128,28.543
1000000,116.055,87.8524,0.343942,0.0259599,0.128608,28.5527,28.543
10000000,116.055,87.8524,0.343942,0.0259599,0.128608,28.5533,28.543
1000,116.305,116.39,0.175539,0.0340821,1.53662,13.0677,13.024
10000,116.305,116.39,0.175539,0.0340821,1.53662,12.8634,13.024
100000,116.305,116.39,0.175539,0.0340821,1.53662,13.0239,13.024
1000000,116.305,116.39,0.175539,0.0340821,1.53662,13.0321,13.024
10000000,116.305,116.39,0.175539,0.0340821,1.53662,13.0358,13.024
1000,84.5483,107.446,0.185678,0.0144717,1.93234,2.56242,2.79979
10000,84.5483,107.446,0.185678,0.0144717,1.93234,2.88254,2.79979
100000,84.5483,107.446,0.185678,0.0144717,1.93234,2.8137,2.79979
1000000,84.5483,107.446,0.185678,0.0144717,1.93234,2.79763,2.79979
10000000,84.5483,107.446,0.185678,0.0144717,1.93234,2.80037,2.79979
1000,113.201,81.3712,0.400534,0.0441801,1.88311,47.3034,44.7977
10000,113.201,81.3712,0.400534,0.0441801,1.88311,45.7571,44.7977
100000,113.201,81.3712,0.400534,0.0441801,1.88311,44.7303,44.7977
1000000,113.201,81.3712,0.400534,0.0441801,1.88311,44.859,44.7977
10000000,113.201,81.3712,0.400534,0.0441801,1.88311,44.7904,44.7977
1000,99.1546,82.3163,0.46687,0.029734,1.50959,34.1949,31.8547
10000,99.1546,82.3163,0.46687,0.029734,1.50959,31.6398,31.8547
100000,99.1546,82.3163,0.46687,0.029734,1.50959,32.0011,31.8547
1000000,99.1546,82.3163,0.46687,0.029734,1.50959,31.8457,31.8547
10000000,99.1546,82.3163,0.46687,0.029734,1.50959,31.8531,31.8547
1000,83.0339,105.116,0.474488,0.0332858,1.61074,13.1369,14.2663
10000,83.0339,105.116,0.474488,0.0332858,1.61074,14.9266,14.2663
100000,83.0339,105.116,0.474488,0.0332858,1.61074,14.3457,14.2663
1000000,83.0339,105.116,0.474488,0.0332858,1.61074,14.194,14.2663
10000000,83.0339,105.116,0.474488,0.0332858,1.61074,14.2482,14.2663
1000,97.6804,107.007,0.132801,0.0264865,0.15122,0.0799289,0.0991241
10000,97.6804,107.007,0.132801,0.0264865,0.15122,0.0939997,0.0991241
100000,97.6804,107.007,0.132801,0.0264865,0.15122,0.0994936,0.0991241
1000000,97.6804,107.007,0.132801,0.0264865,0.15122,0.10006,0.0991241
10000000,97.6804,107.007,0.132801,0.0264865,0.15122,0.0994818,0.0991241
1000,92.8517,116.979,0.175967,0.0122058,1.66135,2.57929,2.21876
10000,92.8517,116.979,0.175967,0.0122058,1.66135,2.31816,2.21876
100000,92.8517,116.979,0.175967,0.0122058,1.66135,2.249,2.21876
1000000,92.8517,116.979,0.175967,0.0122058,1.66135,2.2309,2.21876
10000000,92.8517,116.979,0.175967,0.0122058,1.66135,2.21572,2.21876
1000,108.623,86.153,0.126225,0.0119525,1.09339,24.2062,23.7455
10000,108.623,86.153,0.126225,0.0119525,1.09339,23.846,23.7455
100000,108.623,86.153,0.126225,0.0119525,1.09339,23.8042,23.7455
1000000,108.623,86.153,0.126225,0.0119525,1.09339,23.7574,23.7455
10000000,108.623,86.153,0.126225,0.0119525,1.09339,23.7529,23.7455
1000,107.87,104.514,0.372917,0.0244694,0.508492,14.1692,13.64
10000,107.87,104.514,0.372917,0.0244694,0.508492,13.7133,13.64
100000,107.87,104.514,0.372917,0.0244694,0.508492,13.6025,13.64
1000000,107.87,104.514,0.372917,0.0244694,0.508492,13.6597,13.64
10000000,107.87,104.514,0.372917,0.0244694,0.508492,13.6403,13.64
1000,86.3962,93.9386,0.276482,0.0479025,1.77384,14.3062,12.6676
10000,86.3962,93.9386,0.276482,0.0479025,1.77384,12.4249,12.6676
100000,86.3962,93.9386,0.276482,0.0479025,1.77384,12.641,12.6676
1000000,86.3962,93.9386,0.276482,0.0479025,1.77384,12.6395,12.6676
10000000,86.3962,93.9386,0.276482,0.0479025,1.77384,12.6699,12.6676
1000,81.3413,93.4558,0.493526,0.0324222,1.41401,16.6429,15.965
10000,81.3413,93.4558,0.493526,0.0324222,1.41401,16.3278,15.965
100000,81.3413,93.4558,0.493526,0.0324222,1.41401,15.9463,15.965
1000000,81.3413,93.4558,0.493526,0.0324222,1.41401,16.0042,15.965
10000000,81.3413,93.4558,0.493526,0.0324222,1.41401,15.9552,15.965
1000,83.412,103.717,0.246442,0.0265998,0.455687,0.753976,0.79787
10000,83.412,103.717,0.246442,0.0265998,0.455687,0.715589,0.79787
100000,83.412,103.717,0.246442,0.0265998,0.455687,0.804113,0.79787
1000000,83.412,103.717,0.246442,0.0265998,0.455687,0.789473,0.79787
10000000,83.412,103.717,0.246442,0.0265998,0.455687,0.79684,0.79787
1000,108.184,104.292,0.290996,0.0190495,1.61657,18.5955,19.1385
10000,108.184,104.292,0.290996,0.0190495,1.61657,19.5803,19.1385
100000,108.184,104.292,0.290996,0.0190495,1.61657,19.2478,19.1385
1000000,108.184,104.292,0.290996,0.0190495,1.61657,19.1584,19.1385
10000000,108.184,104.292,0.290996,0.0190495,1.61657,19.135,19.1385
1000,90.8978,98.1825,0.132142,0.0168955,1.24785,3.72798,3.27437
10000,90.8978,98.1825,0.132142,0.0168955,1.24785,3.3138,3.27437
100000,90.8978,98.1825,0.132142,0.0168955,1.24785,3.24078,3.27437
1000000,90.8978,98.1825,0.132142,0.0168955,1.24785,3.26991,3.27437
10000000,90.8978,98.1825,0.132142,0.0168955,1.24785,3.27603,3.27437
1000,114.277,109.354,0.4963,0.0154458,1.52748,28.4563,30.5248
10000,114.277,109.354,0.4963,0.0154458,1.52748,31.7148,30.5248
100000,114.277,109.354,0.4963,0.0154458,1.52748,30.601,30.5248
1000000,114.277,109.354,0.4963,0.0154458,1.52748,30.5949,30.5248
10000000,114.277,109.354,0.4963,0.0154458,1.52748,30.5135,30.5248
1000,116.79,116.782,0.158025,0.0322044,0.706802,7.67968,7.52361
10000,116.79,116.782,0.158025,0.0322044,0.706802,7.55307,7.52361
100000,116.79,116.782,0.158025,0.0322044,0.706802,7.52655,7.52361
1000000,116.79,116.782,0.158025,0.0322044,0.706802,7.51293,7.52361
10000000,116.79,116.782,0.158025,0.0322044,0.706802,7.52808,7.52361
1000,95.9697,89.4983,0.297024,0.0201643,0.557815,11.6753,12.4175
10000,95.9697,89.4983,0.297024,0.0201643,0.557815,12.2387,12.4175
100000,95.9697,89.4983,0.297024,0.0201643,0.557815,12.417,12.4175
1000000,95.9697,89.4983,0.297024,0.0201643,0.557815,12.4495,12.4175
10000000,95.9697,89.4983,0.297024,0.0201643,0.557815,12.4264,12.4175
1000,116.877,92.8542,0.13356,0.0343145,1.14418,27.3874,27.7653
10000,116.877,92.8542,0.13356,0.0343145,1.14418,27.5703,27.7653
100000,116.877,92.8542,0.13356,0.0343145,1.14418,27.7023,27.7653
1000000,116.877,92.8542,0.13356,0.0343145,1.14418,27.8004,27.7653
10000000,116.877,92.8542,0.13356,0.0343145,1.14418,27.7678,27.7653
1000,113.66,119.634,0.457242,0.0376389,0.568878,13.2904,14.1347
10000,113.66,119.634,0.457242,0.0376389,0.568878,14.1126,14.1347
100000,113.66,119.634,0.457242,0.0376389,0.568878,14.1306,14.1347
1000000,113.66,119.634,0.457242,0.0376389,0.568878,14.1545,14.1347
10000000,113.66,119.634,0.457242,0.0376389,0.568878,14.1365,14.1347
1000,108.596,91.5842,0.283027,0.0158903,1.03493,22.1843,22.9139
10000,108.596,91.5842,0.283027,0.0158903,1.03493,22.9056,22.9139
100000,108.596,91.5842,0.283027,0.0158903,1.03493,23.0195,22.9139
1000000,108.596,91.5842,0.283027,0.0158903,1.03493,22.8829,22.9139
10000000,108.596,91.5842,0.283027,0.0158903,1.03493,22.9077,22.9139
1000,97.3768,92.3992,0.466188,0.0231193,0.950907,21.736,20.5965
10000,97.3768,92.3992,0.466188,0.0231193,0.950907,20.7129,20.5965
100000,97.3768,92.3992,0.466188,0.0231193,0.950907,20.821,20.5965
1000000,97.3768,92.3992,0.466188,0.0231193,0.950907,20.5774,20.5965
10000000,97.3768,92.3992,0.466188,0.0231193,0.950907,20.5838,20.5965
1000,94.9797,97.7006,0.110191,0.0350824,1.11361,5.13594,4.91012
10000,94.9797,97.7006,0.110191,0.0350824,1.11361,4.87639,4.91012
100000,94.9797,97.7006,0.110191,0.0350824,1.11361,4.91207,4.91012
1000000,94.9797,97.7006,0.110191,0.0350824,1.11361,4.91119,4.91012
10000000,94.9797,97.7006,0.110191,0.0350824,1.11361,4.91013,4.91012
1000,119.425,108.285,0.464693,0.0342148,1.02171,26.1209,29.0349
10000,119.425,108.285,0.464693,0.0342148,1.02171,29.4766,29.0349
100000,119.425,108.285,0.464693,0.0342148,1.02171,29.2337,29.0349
1000000,119.425,108.285,0.464693,0.0342148,1.02171,28.999,29.0349
10000000,119.425,108.285,0.464693,0.0342148,1.02171,29.0419,29.0349
1000,104.682,119.686,0.183206,0.0492434,0.569805,1.908,1.94573
10000,104.682,119.686,0.183206,0.0492434,0.569805,1.96741,1.94573
100000,104.682,119.686,0.183206,0.0492434,0.569805,1.9622,1.94573
1000000,104.682,119.686,0.183206,0.0492434,0.569805,1.94219,1.94573
10000000,104.682,119.686,0.183206,0.0492434,0.569805,1.94565,1.94573
1000,101.167,98.6935,0.352315,0.0138346,1.42076,18.1998,18.7474
10000,101.167,98.6935,0.352315,0.0138346,1.42076,18.976,18.7474
100000,101.167,98.6935,0.352315,0.0138346,1.42076,18.7749,18.7474
1000000,101.167,98.6935,0.352315,0.0138346,1.42076,18.6762,18.7474
10000000,101.167,98.6935,0.352315,0.0138346,1.42076,18.7412,18.7474
1000,111.986,81.5983,0.475808,0.0387613,1.45399,45.3648,42.9579
10000,111.986,81.5983,0.475808,0.0387613,1.45399,42.5425,42.9579
100000,111.986,81.5983,0.475808,0.0387613,1.45399,42.6871,42.9579
1000000,111.986,81.5983,0.475808,0.0387613,1.45399,42.851,42.9579
10000000,111.986,81.5983,0.475808,0.0387613,1.45399,42.9504,42.9579
1000,88.5146,97.4382,0.315027,0.0199911,0.281223,2.87172,2.86243
10000,88.5146,97.4382,0.315027,0.0199911,0.281223,2.93023,2.86243
100000,88.5146,97.4382,0.315027,0.0199911,0.281223,2.85063,2.86243
1000000,88.5146,97.4382,0.315027,0.0199911,0.281223,2.8506,2.86243
10000000,88.5146,97.4382,0.315027,0.0199911,0.281223,2.86362,2.86243
1000,119.621,96.3059,0.494367,0.0283441,1.23048,36.1638,38.5817
10000,119.621,96.3059,0.494367,0.0283441,1.23048,39.1023,38.5817
100000,119.621,96.3059,0.494367,0.0283441,1.23048,39.0179,38.5817
1000000,119.621,96.3059,0.494367,0.0283441,1.23048,38.6047,38.5817
10000000,119.621,96.3059,0.494367,0.0283441,1.23048,38.5811,38.5817
1000,86.7489,95.8102,0.46371,0.021354,0.337771,6.79523,6.12127
10000,86.7489,95.8102,0.46371,0.021354,0.337771,6.16537,6.12127
100000,86.7489,95.8102,0.46371,0.021354,0.337771,6.06321,6.12127
1000000,86.7489,95.8102,0.46371,0.021354,0.337771,6.11648,6.12127
10000000,86.7489,95.8102,0.46371,0.021354,0.337771,6.12314,6.12127
1000,84.3092,95.1947,0.209932,0.0489655,1.14914,5.18797,5.29263
10000,84.3092,95.1947,0.209932,0.0489655,1.14914,5.25275,5.29263
100000,84.3092,95.1947,0.209932,0.0489655,1.14914,5.29018,5.29263
1000000,84.3092,95.1947,0.209932,0.0489655,1.14914,5.28379,5.29263
10000000,84.3092,95.1947,0.209932,0.0489655,1.14914,5.29295,5.29263
1000,113.489,111.973,0.360045,0.0119995,0.704215,14.1398,14.7447
10000,113.489,111.973,0.360045,0.0119995,0.704215,14.805,14.7447
100000,113.489,111.973,0.360045,0.0119995,0.704215,14.7088,14.7447
1000000,113.489,111.973,0.360045,0.0119995,0.704215,14.7333,14.7447
10000000,113.489,111.973,0.360045,0.0119995,0.704215,14.7666,14.7447
1000,112.879,114.06,0.42797,0.032167,1.80815,26.9324,27.6814
10000,112.879,114.06,0.42797,0.032167,1.80815,27.404,27.6814
100000,112.879,114.06,0.42797,0.032167,1.80815,27.8183,27.6814
1000000,112.879,114.06,0.42797,0.032167,1.80815,27.6872,27.6814
10000000,112.879,114.06,0.42797,0.032167,1.80815,27.6748,27.6814
1000,88.0022,102.057,0.314943,0.0194249,0.207936,0.916744,1.12214
10000,88.0022,102.057,0.314943,0.0194249,0.207936,1.12121,1.12214
100000,88.0022,102.057,0.314943,0.0194249,0.207936,1.11061,1.12214
1000000,88.0022,102.057,0.314943,0.0194249,0.207936,1.12981,1.12214
10000000,88.0022,102.057,0.314943,0.0194249,0.207936,1.11976,1.12214
1000,98.3724,113.397,0.281363,0.0181556,0.716469,4.28364,4.60848
10000,98.3724,113.397,0.281363,0.0181556,0.716469,4.41292,4.60848
100000,98.3724,113.397,0.281363,0.0181556,0.716469,4.63011,4.60848
1000000,98.3724,113.397,0.281363,0.0181556,0.716469,4.59465,4.60848
10000000,98.3724,113.397,0.281363,0.0181556,0.716469,4.60944,4.60848
1000,117.916,93.5359,0.230122,0.0411594,0.769093,28.0371,28.2317
10000,117.916,93.5359,0.230122,0.0411594,0.769093,28.7927,28.2317
100000,117.916,93.5359,0.230122,0.0411594,0.769093,28.1383,28.2317
1000000,117.916,93.5359,0.230122,0.0411594,0.769093,28.2376,28.2317
10000000,117.916,93.5359,0.230122,0.0411594,0.769093,28.2185,28.2317
1000,119.113,80.5137,0.32482,0.0260569,1.2205,42.1691,43.1196
10000,119.113,80.5137,0.32482,0.0260569,1.2205,43.8884,43.1196
100000,119.113,80.5137,0.32482,0.0260569,1.2205,43.348,43.1196
1000000,119.113,80.5137,0.32482,0.0260569,1.2205,43.1646,43.1196
10000000,119.113,80.5137,0.32482,0.0260569,1.2205,43.1392,43.1196
1000,92.2949,91.464,0.122493,0.0189838,1.82411,8.00351,8.13232
10000,92.2949,91.464,0.122493,0.0189838,1.82411,8.14019,8.13232
100000,92.2949,91.464,0.122493,0.0189838,1.82411,8.17339,8.13232
1000000,92.2949,91.464,0.122493,0.0189838,1.82411,8.13389,8.13232
10000000,92.2949,91.464,0.122493,0.0189838,1.82411,8.1332,8.13232
1000,81.8143,107.857,0.318098,0.0213505,0.323079,0.623624,0.50561
10000,81.8143,107.857,0.318098,0.0213505,0.323079,0.529214,0.50561
100000,81.8143,107.857,0.318098,0.0213505,0.323079,0.502335,0.50561
1000000,81.8143,107.857,0.318098,0.0213505,0.323079,0.507596,0.50561
10000000,81.8143,107.857,0.318098,0.0213505,0.323079,0.504925,0.50561
1000,110.263,92.7028,0.31926,0.0448322,1.63753,30.0348,30.7165
10000,110.263,92.7028,0.31926,0.0448322,1.63753,30.8191,30.7165
100000,110.263,92.7028,0.31926,0.0448322,1.63753,30.6995,30.7165
1000000,110.263,92.7028,0.31926,0.0448322,1.63753,30.7112,30.7165
10000000,110.263,92.7028,0.31926,0.0448322,1.63753,30.7148,30.7165
1000,95.2396,119.784,0.198277,0.0290737,0.432117,0.231539,0.276392
10000,95.2396,119.784,0.198277,0.0290737,0.432117,0.307419,0.276392
100000,95.2396,119.784,0.198277,0.0290737,0.432117,0.282513,0.276392
1000000,95.2396,119.784,0.198277,0.0290737,0.432117,0.275952,0.276392
10000000,95.2396,119.784,0.198277,0.0290737,0.432117,0.276465,0.276392
1000,102.631,99.7734,0.110301,0.0326353,0.979644,8.15581,7.97816
10000,102.631,99.7734,0.110301,0.0326353,0.979644,7.89033,7.97816
100000,102.631,99.7734,0.110301,0.0326353,0.979644,7.97102,7.97816
1000000,102.631,99.7734,0.110301,0.0326353,0.979644,7.99448,7.97816
10000000,102.631,99.7734,0.110301,0.0326353,0.979644,7.97832,7.97816
1000,111.135,95.4525,0.214454,0.0234543,0.551612,17.2885,18.1736
10000,111.135,95.4525,0.214454,0.0234543,0.551612,18.0274,18.1736
100000,111.135,95.4525,0.214454,0.0234543,0.551612,18.1423,18.1736
1000000,111.135,95.4525,0.214454,0.0234543,0.551612,18.1561,18.1736
10000000,111.135,95.4525,0.214454,0.0234543,0.551612,18.1729,18.1736
1000,96.4744,84.6475,0.371569,0.0301745,0.580092,18.5966,18.1001
10000,96.4744,84.6475,0.371569,0.0301745,0.580092,18.5225,18.1001
100000,96.4744,84.6475,0.371569,0.0301745,0.580092,17.994,18.1001
1000000,96.4744,84.6475,0.371569,0.0301745,0.580092,18.1301,18.1001
10000000,96.4744,84.6475,0.371569,0.0301745,0.580092,18.1026,18.1001
1000,105.576,109.924,0.295549,0.0379411,0.862589,10.8434,11.1692
10000,105.576,109.924,0.295549,0.0379411,0.862589,11.4018,11.1692
100000,105.576,109.924,0.295549,0.0379411,0.862589,11.1285,11.1692
1000000,105.576,109.924,0.295549,0.0379411,0.862589,11.1881,11.1692
10000000,105.576,109.924,0.295549,0.0379411,0.862589,11.1682,11.1692
1000,105.311,104.145,0.253585,0.0274312,1.7585,16.6145,16.9018
10000,105.311,104.145,0.253585,0.0274312,1.7585,16.9572,16.9018
100000,105.311,104.145,0.253585,0.0274312,1.7585,16.9274,16.9018
1000000,105.311,104.145,0.253585,0.0274312,1.7585,16.8992,16.9018
10000000,105.311,104.145,0.253585,0.0274312,1.7585,16.9105,16.9018
1000,99.024,107.493,0.235491,0.0272753,0.13738,0.868864,0.906685
10000,99.024,107.493,0.235491,0.0272753,0.13738,0.888904,0.906685
100000,99.024,107.493,0.235491,0.0272753,0.13738,0.918878,0.906685
1000000,99.024,107.493,0.235491,0.0272753,0.13738,0.909302,0.906685
10000000,99.024,107.493,0.235491,0.0272753,0.13738,0.905502,0.906685
1000,110.597,81.8214,0.175151,0.0165553,0.972338,29.764,30.2927
10000,110.597,81.8214,0.175151,0.0165553,0.972338,30.0301,30.2927
100000,110.597,81.8214,0.175151,0.0165553,0.972338,30.2582,30.2927
1000000,110.597,81.8214,0.175151,0.0165553,0.972338,30.3247,30.2927
10000000,110.597,81.8214,0.175151,0.0165553,0.972338,30.2861,30.2927
1000,97.3757,106.938,0.382525,0.0168282,0.838335,10.1362,10.4234
10000,97.3757,106.938,0.382525,0.0168282,0.838335,10.6147,10.4234
100000,97.3757,106.938,0.382525,0.0168282,0.838335,10.4286,10.4234
1000000,97.3757,106.938,0.382525,0.0168282,0.838335,10.377,10.4234
10000000,97.3757,106.938,0.382525,0.0168282,0.838335,10.4273,10.4234
1000,115.788,92.5891,0.307411,0.0371996,1.35932,31.1195,32.3463
10000,115.788,92.5891,0.307411,0.0371996,1.35932,32.3947,32.3463
100000,115.788,92.5891,0.307411,0.0371996,1.35932,32.1095,32.3463
1000000,115.788,92.5891,0.307411,0.0371996,1.35932,32.3258,32.3463
10000000,115.788,92.5891,0.307411,0.0371996,1.35932,32.3344,32.3463
1000,82.9894,91.0858,0.374716,0.0268483,0.137567,1.83627,1.89267
10000,82.9894,91.0858,0.374716,0.0268483,0.137567,1.88116,1.89267
100000,82.9894,91.0858,0.374716,0.0268483,0.137567,1.86817,1.89267
1000000,82.9894,91.0858,0.374716,0.0268483,0.137567,1.89968,1.89267
10000000,82.9894,91.0858,0.374716,0.0268483,0.137567,1.89354,1.89267
1000,83.5817,93.38,0.447755,0.0371183,1.81342,19.0765,18.4369
10000,83.5817,93.38,0.447755,0.0371183,1.81342,18.87,18.4369
100000,83.5817,93.38,0.447755,0.0371183,1.81342,18.2899,18.4369
1000000,83.5817,93.38,0.447755,0.0371183,1.81342,18.4223,18.4369
10000000,83.5817,93.38,0.447755,0.0371183,1.81342,18.4416,18.4369
1000,83.679,113.48,0.394995,0.0174017,0.387638,1.40161,1.30252
10000,83.679,113.48,0.394995,0.0174017,0.387638,1.37191,1.30252
100000,83.679,113.48,0.394995,0.0174017,0.387638,1.25505,1.30252
1000000,83.679,113.48,0.394995,0.0174017,0.387638,1.30362,1.30252
10000000,83.679,113.48,0.394995,0.0174017,0.387638,1.30426,1.30252
1000,92.5667,97.266,0.217961,0.0120136,0.46817,3.63874,3.7903
10000,92.5667,97.266,0.217961,0.0120136,0.46817,3.85784,3.7903
100000,92.5667,97.266,0.217961,0.0120136,0.46817,3.81996,3.7903
1000000,92.5667,97.266,0.217961,0.0120136,0.46817,3.78127,3.7903
10000000,92.5667,97.266,0.217961,0.0120136,0.46817,3.7894,3.7903
1000,118.344,117.557,0.262783,0.0220666,1.28981,16.9376,15.9338
10000,118.344,117.557,0.262783,0.0220666,1.28981,16.0274,15.9338
100000,118.344,117.557,0.262783,0.0220666,1.28981,15.8653,15.9338
1000000,118.344,117.557,0.262783,0.0220666,1.28981,15.8968,15.9338
10000000,118.344,117.557,0.262783,0.0220666,1.28981,15.9349,15.9338
1000,104.447,98.3273,0.322673,0.0423353,1.78358,23.6156,24.1304
10000,104.447,98.3273,0.322673,0.0423353,1.78358,24.1751,24.1304
100000,104.447,98.3273,0.322673,0.0423353,1.78358,24.2383,24.1304
1000000,104.447,98.3273,0.322673,0.0423353,1.78358,24.1025,24.1304
10000000,104.447,98.3273,0.322673,0.0423353,1.78358,24.1222,24.1304
1000,118.472,87.618,0.485125,0.0114379,0.906647,38.6188,38.626
10000,118.472,87.618,0.485125,0.0114379,0.906647,39.14,38.626
100000,118.472,87.618,0.485125,0.0114379,0.906647,38.469,38.626
1000000,118.472,87.618,0.485125,0.0114379,0.906647,38.7009,38.626
10000000,118.472,87.618,0.485125,0.0114379,0.906647,38.6699,38.626
1000,119.442,97.3951,0.164038,0.0405398,0.910915,25.7001,26.0214
10000,119.442,97.3951,0.164038,0.0405398,0.910915,26.2984,26.0214
100000,119.442,97.3951,0.164038,0.0405398,0.910915,26.0576,26.0214
1000000,119.442,97.3951,0.164038,0.0405398,0.910915,26.0261,26.0214
10000000,119.442,97.3951,0.164038,0.0405398,0.910915,26.0337,26.0214
1000,109.24,89.6335,0.30699,0.0314069,0.788422,24.9619,24.8916
10000,109.24,89.6335,0.30699,0.0314069,0.788422,25.1765,24.8916
100000,109.24,89.6335,0.30699,0.0314069,0.788422,24.8811,24.8916
1000000,109.24,89.6335,0.30699,0.0314069,0.788422,24.914,24.8916
10000000,109.24,89.6335,0.30699,0.0314069,0.788422,24.8981,24.8916
1000,91.2274,92.7239,0.30913,0.0435212,1.243,14.1857,14.016
10000,91.2274,92.7239,0.30913,0.0435212,1.243,13.8311,14.016
100000,91.2274,92.7239,0.30913,0.0435212,1.243,13.8758,14.016
1000000,91.2274,92.7239,0.30913,0.0435212,1.243,13.9655,14.016
10000000,91.2274,92.7239,0.30913,0.0435212,1.243,14.0138,14.016
1000,104.363,111.617,0.230073,0.0265926,1.20779,8.89026,8.92589
10000,104.363,111.617,0.230073,0.0265926,1.20779,8.98437,8.92589
100000,104.363,111.617,0.230073,0.0265926,1.20779,8.9467,8.92589
1000000,104.363,111.617,0.230073,0.0265926,1.20779,8.92326,8.92589
10000000,104.363,111.617,0.230073,0.0265926,1.20779,8.92754,8.92589
1000,87.2278,109.441,0.377195,0.0183674,1.50746,9.08995,9.70089
10000,87.2278,109.441,0.377195,0.0183674,1.50746,9.65486,9.70089
100000,87.2278,109.441,0.377195,0.0183674,1.50746,9.77479,9.70089
1000000,87.2278,109.441,0.377195,0.0183674,1.50746,9.67137,9.70089
10000000,87.2278,109.441,0.377195,0.0183674,1.50746,9.69159,9.70089
1000,104.543,101.03,0.464189,0.0441114,1.81067,32.1828,30.2762
10000,104.543,101.03,0.464189,0.0441114,1.81067,30.3252,30.2762
100000,104.543,101.03,0.464189,0.0441114,1.81067,30.067,30.2762
1000000,104.543,101.03,0.464189,0.0441114,1.81067,30.2369,30.2762
10000000,104.543,101.03,0.464189,0.0441114,1.81067,30.2607,30.2762
1000,81.0576,117.093,0.361702,0.0485288,1.4969,5.80444,6.19462
10000,81.0576,117.093,0.361702,0.0485288,1.4969,6.20743,6.19462
100000,81.0576,117.093,0.361702,0.0485288,1.4969,6.03518,6.19462
1000000,81.0576,117.093,0.361702,0.0485288,1.4969,6.1904,6.19462
10000000,81.0576,117.093,0.361702,0.0485288,1.4969,6.19337,6.19462
1000,104.623,108.619,0.348118,0.0453912,1.99859,23.1624,22.634
10000,104.623,108.619,0.348118,0.0453912,1.99859,22.5536,22.634
100000,104.623,108.619,0.348118,0.0453912,1.99859,22.9799,22.634
1000000,104.623,108.619,0.348118,0.0453912,1.99859,22.694,22.634
10000000,104.623,108.619,0.348118,0.0453912,1.99859,22.6327,22.634
1000,100.356,108.124,0.350026,0.0475434,1.21666,12.8984,14.6605
10000,100.356,108.124,0.350026,0.0475434,1.21666,13.9751,14.6605
100000,100.356,108.124,0.350026,0.0475434,1.21666,14.8042,14.6605
1000000,100.356,108.124,0.350026,0.0475434,1.21666,14.6332,14.6605
10000000,100.356,108.124,0.350026,0.0475434,1.21666,14.6516,14.6605
1000,111.288,108.537,0.290236,0.0497339,1.56691,20.1343,21.3018
10000,111.288,108.537,0.290236,0.0497339,1.56691,21.3625,21.3018
100000,111.288,108.537,0.290236,0.0497339,1.56691,21.1852,21.3018
1000000,111.288,108.537,0.290236,0.0497339,1.56691,21.3078,21.3018
10000000,111.288,108.537,0.290236,0.0497339,1.56691,21.2956,21.3018
1000,111.218,96.1182,0.232172,0.0478497,0.239643,16.8612,16.6381
10000,111.218,96.1182,0.232172,0.0478497,0.239643,16.6905,16.6381
100000,111.218,96.1182,0.232172,0.0478497,0.239643,16.6338,16.6381
1000000,111.218,96.1182,0.232172,0.0478497,0.239643,16.606,16.6381
10000000,111.218,96.1182,0.232172,0.0478497,0.239643,16.6376,16.6381
1000,112.047,100.098,0.256501,0.0291209,0.866969,19.7386,18.7938
10000,112.047,100.098,0.256501,0.0291209,0.866969,19.2265,18.7938
100000,112.047,100.098,0.256501,0.0291209,0.866969,18.7768,18.7938
1000000,112.047,100.098,0.256501,0.0291209,0.866969,18.7789,18.7938
10000000,112.047,100.098,0.256501,0.0291209,0.866969,18.7895,18.7938
1000,116.08,104.392,0.409004,0.0335583,1.15912,25.7882,27.6939
10000,116.08,104.392,0.409004,0.0335583,1.15912,26.919,27.6939
100000,116.08,104.392,0.409004,0.0335583,1.15912,27.6581,27.6939
1000000,116.08,104.392,0.409004,0.0335583,1.15912,27.8096,27.6939
10000000,116.08,104.392,0.409004,0.0335583,1.15912,27.706,27.6939
1000,109.233,102.996,0.111215,0.0236905,1.37593,10.9803,11.4806
10000,109.233,102.996,0.111215,0.0236905,1.37593,11.4841,11.4806
100000,109.233,102.996,0.111215,0.0236905,1.37593,11.4117,11.4806
1000000,109.233,102.996,0.111215,0.0236905,1.37593,11.4555,11.4806
10000000,109.233,102.996,0.111215,0.0236905,1.37593,11.4782,11.4806
1000,83.7696,86.7552,0.316584,0.0329192,1.05621,10.57,10.8164
10000,83.7696,86.7552,0.316584,0.0329192,1.05621,10.7573,10.8164
100000,83.7696,86.7552,0.316584,0.0329192,1.05621,10.8419,10.8164
1000000,83.7696,86.7552,0.316584,0.0329192,1.05621,10.7858,10.8164
10000000,83.7696,86.7552,0.316584,0.0329192,1.05621,10.8099,10.8164
1000,115.102,88.0303,0.372706,0.0144795,1.51892,37.664,36.2062
10000,115.102,88.0303,0.372706,0.0144795,1.51892,35.7565,36.2062
100000,115.102,88.0303,0.372706,0.0144795,1.51892,35.8106,36.2062
1000000,115.102,88.0303,0.372706,0.0144795,1.51892,36.1235,36.2062
10000000,115.102,88.0303,0.372706,0.0144795,1.51892,36.2144,36.2062
1000,103.876,86.3222,0.209594,0.0408901,1.55767,25.6222,25.0607
10000,103.876,86.3222,0.209594,0.0408901,1.55767,25.4338,25.0607
100000,103.876,86.3222,0.209594,0.0408901,1.55767,25.0548,25.0607
1000000,103.876,86.3222,0.209594,0.0408901,1.55767,25.0485,25.0607
10000000,103.876,86.3222,0.209594,0.0408901,1.55767,25.0505,25.0607
1000,94.0765,115.881,0.355756,0.048544,1.84489,14.657,13.7188
10000,94.0765,115.881,0.355756,0.048544,1.84489,13.5121,13.7188
100000,94.0765,115.881,0.355756,0.048544,1.84489,13.5118,13.7188
1000000,94.0765,115.881,0.355756,0.048544,1.84489,13.7254,13.7188
10000000,94.0765,115.881,0.355756,0.048544,1.84489,13.7234,13.7188
1000,85.3603,95.6236,0.471617,0.0435866,1.23569,14.6208,15.6837
10000,85.3603,95.6236,0.471617,0.0435866,1.23569,15.2387,15.6837
100000,85.3603,95.6236,0.471617,0.0435866,1.23569,15.6597,15.6837
1000000,85.3603,95.6236,0.471617,0.0435866,1.23569,15.6734,15.6837
10000000,85.3603,95.6236,0.471617,0.0435866,1.23569,15.6962,15.6837
1000,85.1051,80.3352,0.315517,0.0252228,0.716978,12.3674,12.1645
10000,85.1051,80.3352,0.315517,0.0252228,0.716978,12.2191,12.1645
100000,85.1051,80.3352,0.315517,0.0252228,0.716978,12.111,12.1645
1000000,85.1051,80.3352,0.315517,0.0252228,0.716978,12.1724,12.1645
10000000,85.1051,80.3352,0.315517,0.0252228,0.716978,12.1627,12.1645
1000,89.3918,116.667,0.405505,0.0321099,1.24635,8.30433,8.84961
10000,89.3918,116.667,0.405505,0.0321099,1.24635,9.05862,8.84961
100000,89.3918,116.667,0.405505,0.0321099,1.24635,8.71825,8.84961
1000000,89.3918,116.667,0.405505,0.0321099,1.24635,8.81787,8.84961
10000000,89.3918,116.667,0.405505,0.0321099,1.24635,8.84777,8.84961
1000,92.0354,87.7103,0.312887,0.0358389,0.297163,9.33768,9.05988
10000,92.0354,87.7103,0.312887,0.0358389,0.297163,8.87977,9.05988
100000,92.0354,87.7103,0.312887,0.0358389,0.297163,9.04115,9.05988
1000000,92.0354,87.7103,0.312887,0.0358389,0.297163,9.06915,9.05988
10000000,92.0354,87.7103,0.312887,0.0358389,0.297163,9.05609,9.05988
1000,106.383,110.074,0.479575,0.0413681,1.92313,28.2393,29.5224
10000,106.383,110.074,0.479575,0.0413681,1.92313,28.7635,29.5224
100000,106.383,110.074,0.479575,0.0413681,1.92313,29.3904,29.5224
1000000,106.383,110.074,0.479575,0.0413681,1.92313,29.5537,29.5224
10000000,106.383,110.074,0.479575,0.0413681,1.92313,29.517,29.5224
1000,96.1632,94.9603,0.378974,0.0153869,1.76028,19.9976,20.6441
10000,96.1632,94.9603,0.378974,0.0153869,1.76028,20.6915,20.6441
100000,96.1632,94.9603,0.378974,0.0153869,1.76028,20.6775,20.6441
1000000,96.1632,94.9603,0.378974,0.0153869,1.76028,20.599,20.6441
10000000,96.1632,94.9603,0.378974,0.0153869,1.76028,20.6446,20.6441
1000,111.89,99.9581,0.35865,0.0432752,1.63781,27.2459,29.4306
10000,111.89,99.9581,0.35865,0.0432752,1.63781,29.0678,29.4306
100000,111.89,99.9581,0.35865,0.0432752,1.63781,29.5789,29.4306
1000000,111.89,99.9581,0.35865,0.0432752,1.63781,29.437,29.4306
10000000,111.89,99.9581,0.35865,0.0432752,1.63781,29.4316,29.4306
1000,104.384,106.741,0.158821,0.0388533,0.965194,7.06338,7.25846
10000,104.384,106.741,0.158821,0.0388533,0.965194,7.21504,7.25846
100000,104.384,106.741,0.158821,0.0388533,0.965194,7.2566,7.25846
1000000,104.384,106.741,0.158821,0.0388533,0.965194,7.25253,7.25846
10000000,104.384,106.741,0.158821,0.0388533,0.965194,7.26111,7.25846
1000,99.2504,81.9549,0.243358,0.0275166,0.648951,19.1838,20.023
10000,99.2504,81.9549,0.243358,0.0275166,0.648951,20.1724,20.023
100000,99.2504,81.9549,0.243358,0.0275166,0.648951,19.8838,20.023
1000000,99.2504,81.9549,0.243358,0.0275166,0.648951,19.985,20.023
10000000,99.2504,81.9549,0.243358,0.0275166,0.648951,20.0189,20.023
1000,104.644,84.7573,0.237849,0.0275864,1.54528,26.7818,26.3643
10000,104.644,84.7573,0.237849,0.0275864,1.54528,26.5811,26.3643
100000,104.644,84.7573,0.237849,0.0275864,1.54528,26.2487,26.3643
1000000,104.644,84.7573,0.237849,0.0275864,1.54528,26.3134,26.3643
10000000,104.644,84.7573,0.237849,0.0275864,1.54528,26.372,26.3643
1000,108.183,111.105,0.39189,0.0248656,0.24802,7.1025,7.42387
10000,108.183,111.105,0.39189,0.0248656,0.24802,7.70224,7.42387
100000,108.183,111.105,0.39189,0.0248656,0.24802,7.52,7.42387
1000000,108.183,111.105,0.39189,0.0248656,0.24802,7.40041,7.42387
10000000,108.183,111.105,0.39189,0.0248656,0.24802,7.42616,7.42387
1000,98.104,118.052,0.257587,0.0406276,1.29886,7.04994,6.53193
10000,98.104,118.052,0.257587,0.0406276,1.29886,6.56266,6.53193
100000,98.104,118.052,0.257587,0.0406276,1.29886,6.58554,6.53193
1000000,98.104,118.052,0.257587,0.0406276,1.29886,6.5154,6.53193
10000000,98.104,118.052,0.257587,0.0406276,1.29886,6.52982,6.53193
1000,115.947,85.0521,0.336481,0.0231461,0.904321,35.8201,35.0924
10000,115.947,85.0521,0.336481,0.0231461,0.904321,35.0993,35.0924
100000,115.947,85.0521,0.336481,0.0231461,0.904321,35.1794,35.0924
1000000,115.947,85.0521,0.336481,0.0231461,0.904321,35.0908,35.0924
10000000,115.947,85.0521,0.336481,0.0231461,0.904321,35.0858,35.0924
1000,88.996,117.701,0.484562,0.016643,1.93119,13.0325,15.9747
10000,88.996,117.701,0.484562,0.016643,1.93119,16.1602,15.9747
100000,88.996,117.701,0.484562,0.016643,1.93119,15.96,15.9747
1000000,88.996,117.701,0.484562,0.016643,1.93119,15.9772,15.9747
10000000,88.996,117.701,0.484562,0.016643,1.93119,15.9855,15.9747
1000,107.854,91.4365,0.496997,0.0244283,1.00196,29.5638,30.0273
10000,107.854,91.4365,0.496997,0.0244283,1.00196,30.7682,30.0273
100000,107.854,91.4365,0.496997,0.0244283,1.00196,29.8585,30.0273
1000000,107.854,91.4365,0.496997,0.0244283,1.00196,30.1005,30.0273
10000000,107.854,91.4365,0.496997,0.0244283,1.00196,30.0267,30.0273
1000,96.2104,96.0985,0.187009,0.0328905,1.98422,13.6583,13.156
10000,96.2104,96.0985,0.187009,0.0328905,1.98422,12.9412,13.156
100000,96.2104,96.0985,0.187009,0.0328905,1.98422,13.1597,13.156
1000000,96.2104,96.0985,0.187009,0.0328905,1.98422,13.1489,13.156
10000000,96.2104,96.0985,0.187009,0.0328905,1.98422,13.1626,13.156
1000,82.1931,87.0817,0.264987,0.0123144,1.11216,8.0278,7.60255
10000,82.1931,87.0817,0.264987,0.0123144,1.11216,7.68463,7.60255
100000,82.1931,87.0817,0.264987,0.0123144,1.11216,7.68533,7.60255
1000000,82.1931,87.0817,0.264987,0.0123144,1.11216,7.58371,7.60255
10000000,82.1931,87.0817,0.264987,0.0123144,1.11216,7.59555,7.60255
1000,112.102,88.7225,0.354429,0.026171,1.32013,33.139,32.4307
10000,112.102,88.7225,0.354429,0.026171,1.32013,33.1444,32.4307
100000,112.102,88.7225,0.354429,0.026171,1.32013,32.5458,32.4307
1000000,112.102,88.7225,0.354429,0.026171,1.32013,32.3992,32.4307
10000000,112.102,88.7225,0.354429,0.026171,1.32013,32.4332,32.4307
1000,96.5828,95.0863,0.165747,0.0382799,0.628079,7.28048,7.06095
10000,96.5828,95.0863,0.165747,0.0382799,0.628079,7.02322,7.06095
100000,96.5828,95.0863,0.165747,0.0382799,0.628079,7.1034,7.06095
1000000,96.5828,95.0863,0.165747,0.0382799,0.628079,7.04014,7.06095
10000000,96.5828,95.0863,0.165747,0.0382799,0.628079,7.06101,7.06095
1000,112.895,86.8907,0.225932,0.0188376,1.87016,29.8534,31.6866
10000,112.895,86.8907,0.225932,0.0188376,1.87016,31.3909,31.6866
100000,112.895,86.8907,0.225932,0.0188376,1.87016,31.7659,31.6866
1000000,112.895,86.8907,0.225932,0.0188376,1.87016,31.7288,31.6866
10000000,112.895,86.8907,0.225932,0.0188376,1.87016,31.694,31.6866
1000,110.731,101.436,0.182988,0.0327011,1.99623,20.4834,20.2196
10000,110.731,101.436,0.182988,0.0327011,1.99623,20.246,20.2196
100000,110.731,101.436,0.182988,0.0327011,1.99623,20.0851,20.2196
1000000,110.731,101.436,0.182988,0.0327011,1.99623,20.1839,20.2196
10000000,110.731,101.436,0.182988,0.0327011,1.99623,20.212,20.2196
1000,80.58,108.166,0.388033,0.0180347,0.705676,3.00942,3.21565
10000,80.58,108.166,0.388033,0.0180347,0.705676,3.22485,3.21565
100000,80.58,108.166,0.388033,0.0180347,0.705676,3.15916,3.21565
1000000,80.58,108.166,0.388033,0.0180347,0.705676,3.21795,3.21565
10000000,80.58,108.166,0.388033,0.0180347,0.705676,3.21364,3.21565
1000,98.2204,101.687,0.289156,0.0339416,1.97005,16.0061,17.1478
10000,98.2204,101.687,0.289156,0.0339416,1.97005,17.3218,17.1478
100000,98.2204,101.687,0.289156,0.0339416,1.97005,17.1079,17.1478
1000000,98.2204,101.687,0.289156,0.0339416,1.97005,17.2064,17.1478
10000000,98.2204,101.687,0.289156,0.0339416,1.97005,17.1563,17.1478
1000,113.113,116.711,0.410955,0.0159423,0.844964,17.3788,16.0985
10000,113.113,116.711,0.410955,0.0159423,0.844964,16.1704,16.0985
100000,113.113,116.711,0.410955,0.0159423,0.844964,16.1005,16.0985
1000000,113.113,116.711,0.410955,0.0159423,0.844964,16.0787,16.0985
10000000,113.113,116.711,0.410955,0.0159423,0.844964,16.0898,16.0985
1000,110.156,115.896,0.296523,0.0117752,0.420503,6.26569,6.29504
10000,110.156,115.896,0.296523,0.0117752,0.420503,6.27685,6.29504
100000,110.156,115.896,0.296523,0.0117752,0.420503,6.33885,6.29504
1000000,110.156,115.896,0.296523,0.0117752,0.420503,6.29328,6.29504
10000000,110.156,115.896,0.296523,0.0117752,0.420503,6.29336,6.29504
1000,94.4047,112.768,0.417626,0.0462035,1.46907,17.0653,14.934
10000,94.4047,112.768,0.417626,0.0462035,1.46907,14.9426,14.934
100000,94.4047,112.768,0.417626,0.0462035,1.46907,15.0286,14.934
1000000,94.4047,112.768,0.417626,0.0462035,1.46907,14.9098,14.934
10000000,94.4047,112.768,0.417626,0.0462035,1.46907,14.9239,14.934
1000,81.0416,98.5425,0.253152,0.0273276,1.90673,7.13103,6.85562
10000,81.0416,98.5425,0.253152,0.0273276,1.90673,6.5179,6.85562
100000,81.0416,98.5425,0.253152,0.0273276,1.90673,6.80846,6.85562
1000000,81.0416,98.5425,0.253152,0.0273276,1.90673,6.8547,6.85562
10000000,81.0416,98.5425,0.253152,0.0273276,1.90673,6.85102,6.85562
1000,116.845,112.991,0.358501,0.0431303,1.90125,30.1613,28.5144
10000,116.845,112.991,0.358501,0.0431303,1.90125,29.0814,28.5144
100000,116.845,112.991,0.358501,0.0431303,1.90125,28.3659,28.5144
1000000,116.845,112.991,0.358501,0.0431303,1.90125,28.4996,28.5144
10000000,116.845,112.991,0.358501,0.0431303,1.90125,28.5118,28.5144
1000,114.779,108.899,0.316232,0.0411146,1.48872,23.1511,23.4952
10000,114.779,108.899,0.316232,0.0411146,1.48872,23.7339,23.4952
100000,114.779,108.899,0.316232,0.0411146,1.48872,23.6022,23.4952
1000000,114.779,108.899,0.316232,0.0411146,1.48872,23.4367,23.4952
10000000,114.779,108.899,0.316232,0.0411146,1.48872,23.4945,23.4952
1000,106.125,82.038,0.150485,0.0417555,1.95248,30.8924,30.9336
10000,106.125,82.038,0.150485,0.0417555,1.95248,30.8251,30.9336
100000,106.125,82.038,0.150485,0.0417555,1.95248,30.9853,30.9336
1000000,106.125,82.038,0.150485,0.0417555,1.95248,30.9131,30.9336
10000000,106.125,82.038,0.150485,0.0417555,1.95248,30.9275,30.9336
1000,85.4818,89.154,0.168136,0.0236648,0.893138,4.77777,4.61379
10000,85.4818,89.154,0.168136,0.0236648,0.893138,4.672,4.61379
100000,85.4818,89.154,0.168136,0.0236648,0.893138,4.60691,4.61379
1000000,85.4818,89.154,0.168136,0.0236648,0.893138,4.60376,4.61379
10000000,85.4818,89.154,0.168136,0.0236648,0.893138,4.61163,4.61379
1000,105.957,103.552,0.254304,0.0188829,1.9623,18.4337,17.8325
10000,105.957,103.552,0.254304,0.0188829,1.9623,17.9741,17.8325
100000,105.957,103.552,0.254304,0.0188829,1.9623,17.9599,17.8325
1000000,105.957,103.552,0.254304,0.0188829,1.9623,17.8537,17.8325
10000000,105.957,103.552,0.254304,0.0188829,1.9623,17.8401,17.8325
1000,115.092,91.7409,0.38111,0.0215408,1.20069,30.9115,32.6981
10000,115.092,91.7409,0.38111,0.0215408,1.20069,32.3062,32.6981
100000,115.092,91.7409,0.38111,0.0215408,1.20069,32.6118,32.6981
1000000,115.092,91.7409,0.38111,0.0215408,1.20069,32.7112,32.6981
10000000,115.092,91.7409,0.38111,0.0215408,1.20069,32.7049,32.6981
1000,114.602,117.078,0.249262,0.0269954,1.51915,14.2622,14.9971
10000,114.602,117.078,0.249262,0.0269954,1.51915,14.9771,14.9971
100000,114.602,117.078,0.249262,0.0269954,1.51915,14.9171,14.9971
1000000,114.602,117.078,0.249262,0.0269954,1.51915,14.9739,14.9971
10000000,114.602,117.078,0.249262,0.0269954,1.51915,14.9916,14.9971
1000,117.236,85.0294,0.291035,0.0253789,1.16707,35.9231,36.7283
10000,117.236,85.0294,0.291035,0.0253789,1.16707,36.5984,36.7283
100000,117.236,85.0294,0.291035,0.0253789,1.16707,36.7667,36.7283
1000000,117.236,85.0294,0.291035,0.0253789,1.16707,36.7365,36.7283
10000000,117.236,85.0294,0.291035,0.0253789,1.16707,36.7071,36.7283
1000,108.601,117.687,0.417203,0.044189,0.339816,7.56827,7.58743
10000,108.601,117.687,0.417203,0.044189,0.339816,7.61233,7.58743
100000,108.601,117.687,0.417203,0.044189,0.339816,7.55685,7.58743
1000000,108.601,117.687,0.417203,0.044189,0.339816,7.60964,7.58743
10000000,108.601,117.687,0.417203,0.044189,0.339816,7.5852,7.58743
1000,91.7479,104.068,0.41035,0.0255764,1.93981,18.5566,18.0016
10000,91.7479,104.068,0.41035,0.0255764,1.93981,18.1718,18.0016
100000,91.7479,104.068,0.41035,0.0255764,1.93981,17.9035,18.0016
1000000,91.7479,104.068,0.41035,0.0255764,1.93981,18.0276,18.0016
10000000,91.7479,104.068,0.41035,0.0255764,1.93981,18.0163,18.0016
1000,109.293,115.123,0.116675,0.0129604,1.88663,5.89333,5.6563
10000,109.293,115.123,0.116675,0.0129604,1.88663,5.74943,5.6563
100000,109.293,115.123,0.116675,0.0129604,1.88663,5.63398,5.6563
1000000,109.293,115.123,0.116675,0.0129604,1.88663,5.65293,5.6563
10000000,109.293,115.123,0.116675,0.0129604,1.88663,5.65863,5.6563
1000,118.486,112.074,0.456029,0.031236,1.0011,26.81,25.7876
10000,118.486,112.074,0.456029,0.031236,1.0011,26.3823,25.7876
100000,118.486,112.074,0.456029,0.031236,1.0011,25.9169,25.7876
1000000,118.486,112.074,0.456029,0.031236,1.0011,25.7941,25.7876
10000000,118.486,112.074,0.456029,0.031236,1.0011,25.7888,25.7876
1000,85.7449,113.934,0.404051,0.0426574,0.375924,1.87126,1.71618
10000,85.7449,113.934,0.404051,0.0426574,0.375924,1.82474,1.71618
100000,85.7449,113.934,0.404051,0.0426574,0.375924,1.69175,1.71618
1000000,85.7449,113.934,0.404051,0.0426574,0.375924,1.70711,1.71618
10000000,85.7449,113.934,0.404051,0.0426574,0.375924,1.7125,1.71618
1000,116.432,98.603,0.29138,0.0257323,1.1999,27.4089,26.3096
10000,116.432,98.603,0.29138,0.0257323,1.1999,26.0971,26.3096
100000,116.432,98.603,0.29138,0.0257323,1.1999,26.2564,26.3096
1000000,116.432,98.603,0.29138,0.0257323,1.1999,26.3022,26.3096
10000000,116.432,98.603,0.29138,0.0257323,1.1999,26.3166,26.3096
1000,117.235,87.3691,0.401654,0.0358688,1.47531,40.064,40.9978
10000,117.235,87.3691,0.401654,0.0358688,1.47531,41.9178,40.9978
100000,117.235,87.3691,0.401654,0.0358688,1.47531,41.0169,40.9978
1000000,117.235,87.3691,0.401654,0.0358688,1.47531,40.9996,40.9978
10000000,117.235,87.3691,0.401654,0.0358688,1.47531,41.0126,40.9978
1000,97.5177,111.882,0.159992,0.0326793,1.14368,3.20929,3.02739
10000,97.5177,111.882,0.159992,0.0326793,1.14368,3.05519,3.02739
100000,97.5177,111.882,0.159992,0.0326793,1.14368,3.03707,3.02739
1000000,97.5177,111.882,0.159992,0.0326793,1.14368,3.03785,3.02739
10000000,97.5177,111.882,0.159992,0.0326793,1.14368,3.02696,3.02739
1000,113.479,113.577,0.423901,0.0260624,1.43798,24.8187,24.4544
10000,113.479,113.577,0.423901,0.0260624,1.43798,24.2617,24.4544
100000,113.479,113.577,0.423901,0.0260624,1.43798,24.4766,24.4544
1000000,113.479,113.577,0.423901,0.0260624,1.43798,24.4821,24.4544
10000000,113.479,113.577,0.423901,0.0260624,1.43798,24.4322,24.4544
1000,84.4993,112.544,0.133788,0.0102899,0.746085,0.0481748,0.0292659
10000,84.4993,112.544,0.133788,0.0102899,0.746085,0.0233257,0.0292659
100000,84.4993,112.544,0.133788,0.0102899,0.746085,0.028544,0.0292659
1000000,84.4993,112.544,0.133788,0.0102899,0.746085,0.0294108,0.0292659
10000000,84.4993,112.544,0.133788,0.0102899,0.746085,0.0292031,0.0292659
1000,116.592,90.6932,0.405899,0.0274553,0.185291,27.7712,26.9232
10000,116.592,90.6932,0.405899,0.0274553,0.185291,26.8556,26.9232
100000,116.592,90.6932,0.405899,0.0274553,0.185291,26.9649,26.9232
1000000,116.592,90.6932,0.405899,0.0274553,0.185291,26.9177,26.9232
10000000,116.592,90.6932,0.405899,0.0274553,0.185291,26.924,26.9232
1000,91.2932,90.7678,0.287688,0.0340527,1.59739,16.1325,15.6237
10000,91.2932,90.7678,0.287688,0.0340527,1.59739,15.8132,15.6237
100000,91.2932,90.7678,0.287688,0.0340527,1.59739,15.6477,15.6237
1000000,91.2932,90.7678,0.287688,0.0340527,1.59739,15.6265,15.6237
10000000,91.2932,90.7678,0.287688,0.0340527,1.59739,15.6193,15.6237
1000,100.395,114.941,0.372456,0.0254567,1.41224,13.3763,13.7149
10000,100.395,114.941,0.372456,0.0254567,1.41224,13.9701,13.7149
100000,100.395,114.941,0.372456,0.0254567,1.41224,13.6874,13.7149
1000000,100.395,114.941,0.372456,0.0254567,1.41224,13.7169,13.7149
10000000,100.395,114.941,0.372456,0.0254567,1.41224,13.7132,13.7149
1000,109.414,80.571,0.281507,0.0331239,1.20169,33.824,33.8436
10000,109.414,80.571,0.281507,0.0331239,1.20169,34.018,33.8436
100000,109.414,80.571,0.281507,0.0331239,1.20169,33.8289,33.8436
1000000,109.414,80.571,0.281507,0.0331239,1.20169,33.8315,33.8436
10000000,109.414,80.571,0.281507,0.0331239,1.20169,33.8547,33.8436
1000,93.9882,112.855,0.191666,0.0138665,0.489567,0.599163,0.607966
10000,93.9882,112.855,0.191666,0.0138665,0.489567,0.575725,0.607966
100000,93.9882,112.855,0.191666,0.0138665,0.489567,0.606485,0.607966
1000000,93.9882,112.855,0.191666,0.0138665,0.489567,0.606492,0.607966
10000000,93.9882,112.855,0.191666,0.0138665,0.489567,0.608335,0.607966
1000,91.4137,109.358,0.413173,0.029612,0.703007,6.85876,7.18939
10000,91.4137,109.358,0.413173,0.029612,0.703007,7.19292,7.18939
100000,91.4137,109.358,0.413173,0.029612,0.703007,7.17909,7.18939
1000000,91.4137,109.358,0.413173,0.029612,0.703007,7.19499,7.18939
10000000,91.4137,109.358,0.413173,0.029612,0.703007,7.1898,7.18939
1000,89.0164,105.127,0.310441,0.0460012,0.255829,1.28482,1.29328
10000,89.0164,105.127,0.310441,0.0460012,0.255829,1.32718,1.29328
100000,89.0164,105.127,0.310441,0.0460012,0.255829,1.28897,1.29328
1000000,89.0164,105.127,0.310441,0.0460012,0.255829,1.29026,1.29328
10000000,89.0164,105.127,0.310441,0.0460012,0.255829,1.29596,1.29328
1000,103.094,106.949,0.408677,0.0369143,1.36051,18.5819,19.9905
10000,103.094,106.949,0.408677,0.0369143,1.36051,21.0925,19.9905
100000,103.094,106.949,0.408677,0.0369143,1.36051,20.0587,19.9905
1000000,103.094,106.949,0.408677,0.0369143,1.36051,19.9184,19.9905
10000000,103.094,106.949,0.408677,0.0369143,1.36051,19.9809,19.9905
1000,80.155,109.598,0.390721,0.0217955,0.255097,0.653313,0.472205
10000,80.155,109.598,0.390721,0.0217955,0.255097,0.46153,0.472205
100000,80.155,109.598,0.390721,0.0217955,0.255097,0.46712,0.472205
1000000,80.155,109.598,0.390721,0.0217955,0.255097,0.471559,0.472205
10000000,80.155,109.598,0.390721,0.0217955,0.255097,0.473043,0.472205
1000,112.089,101.279,0.261491,0.0268511,0.883258,17.5839,18.2094
10000,112.089,101.279,0.261491,0.0268511,0.883258,18.211,18.2094
100000,112.089,101.279,0.261491,0.0268511,0.883258,18.2084,18.2094
1000000,112.089,101.279,0.261491,0.0268511,0.883258,18.2122,18.2094
10000000,112.089,101.279,0.261491,0.0268511,0.883258,18.2146,18.2094
1000,98.2956,100.702,0.166671,0.016496,0.504547,4.02484,3.93303
10000,98.2956,100.702,0.166671,0.016496,0.504547,4.06488,3.93303
100000,98.2956,100.702,0.166671,0.016496,0.504547,3.90919,3.93303
1000000,98.2956,100.702,0.166671,0.016496,0.504547,3.9381,3.93303
10000000,98.2956,100.702,0.166671,0.016496,0.504547,3.93405,3.93303
1000,97.6495,94.2285,0.190271,0.0264805,0.592756,8.29417,8.34071
10000,97.6495,94.2285,0.190271,0.0264805,0.592756,8.2669,8.34071
100000,97.6495,94.2285,0.190271,0.0264805,0.592756,8.2904,8.34071
1000000,97.6495,94.2285,0.190271,0.0264805,0.592756,8.33142,8.34071
10000000,97.6495,94.2285,0.190271,0.0264805,0.592756,8.34258,8.34071
1000,101.131,93.2654,0.398449,0.0312857,1.57236,25.8997,25.5216
10000,101.131,93.2654,0.398449,0.0312857,1.57236,24.9658,25.5216
100000,101.131,93.2654,0.398449,0.0312857,1.57236,25.629,25.5216
1000000,101.131,93.2654,0.398449,0.0312857,1.57236,25.5567,25.5216
10000000,101.131,93.2654,0.398449,0.0312857,1.57236,25.5507,25.5216
1000,87.0052,87.8729,0.23307,0.0156997,0.148144,2.92132,2.80401
10000,87.0052,87.8729,0.23307,0.0156997,0.148144,2.79736,2.80401
100000,87.0052,87.8729,0.23307,0.0156997,0.148144,2.7949,2.80401
1000000,87.0052,87.8729,0.23307,0.0156997,0.148144,2.80185,2.80401
10000000,87.0052,87.8729,0.23307,0.0156997,0.148144,2.80527,2.80401
1000,83.1848,95.6349,0.165635,0.0315837,1.41749,3.5599,3.49954
10000,83.1848,95.6349,0.165635,0.0315837,1.41749,3.46298,3.49954
100000,83.1848,95.6349,0.165635,0.0315837,1.41749,3.47855,3.49954
1000000,83.1848,95.6349,0.165635,0.0315837,1.41749,3.5077,3.49954
10000000,83.1848,95.6349,0.165635,0.0315837,1.41749,3.5009,3.49954
1000,98.2411,101.813,0.348371,0.0353996,1.31459,15.9531,16.0017
10000,98.2411,101.813,0.348371,0.0353996,1.31459,15.7853,16.0017
100000,98.2411,101.813,0.348371,0.0353996,1.31459,16.0441,16.0017
1000000,98.2411,101.813,0.348371,0.0353996,1.31459,16.0041,16.0017
10000000,98.2411,101.813,0.348371,0.0353996,1.31459,16.0022,16.0017
1000,108.62,88.2469,0.155669,0.029913,1.74099,25.1512,25.8085
10000,108.62,88.2469,0.155669,0.029913,1.74099,26.0041,25.8085
100000,108.62,88.2469,0.155669,0.029913,1.74099,25.8849,25.8085
1000000,108.62,88.2469,0.155669,0.029913,1.74099,25.8327,25.8085
10000000,108.62,88.2469,0.155669,0.029913,1.74099,25.8104,25.8085
1000,89.4927,114.444,0.306967,0.0297833,1.49634,6.63923,6.88027
10000,89.4927,114.444,0.306967,0.0297833,1.49634,6.93104,6.88027
100000,89.4927,114.444,0.306967,0.0297833,1.49634,6.93746,6.88027
1000000,89.4927,114.444,0.306967,0.0297833,1.49634,6.88718,6.88027
10000000,89.4927,114.444,0.306967,0.0297833,1.49634,6.87942,6.88027
1000,100.868,106.53,0.191827,0.0138036,1.33186,7.06099,7.31403
10000,100.868,106.53,0.191827,0.0138036,1.33186,7.22727,7.31403
100000,100.868,106.53,0.191827,0.0138036,1.33186,7.29667,7.31403
1000000,100.868,106.53,0.191827,0.0138036,1.33186,7.32431,7.31403
10000000,100.868,106.53,0.191827,0.0138036,1.33186,7.31811,7.31403
1000,108.331,115.524,0.169848,0.0465372,1.66352,9.74483,10.1105
10000,108.331,115.524,0.169848,0.0465372,1.66352,9.97574,10.1105
100000,108.331,115.524,0.169848,0.0465372,1.66352,10.1643,10.1105
1000000,108.331,115.524,0.169848,0.0465372,1.66352,10.0826,10.1105
10000000,108.331,115.524,0.169848,0.0465372,1.66352,10.114,10.1105
1000,116.594,84.329,0.354705,0.0210453,1.55098,39.3995,40.0139
10000,116.594,84.329,0.354705,0.0210453,1.55098,39.9949,40.0139
100000,116.594,84.329,0.354705,0.0210453,1.55098,40.0738,40.0139
1000000,116.594,84.329,0.354705,0.0210453,1.55098,40.0639,40.0139
10000000,116.594,84.329,0.354705,0.0210453,1.55098,40.0174,40.0139
1000,114.868,118.8,0.295726,0.027812,1.41799,15.3228,16.3411
10000,114.868,118.8,0.295726,0.027812,1.41799,17.1493,16.3411
100000,114.868,118.8,0.295726,0.027812,1.41799,16.4898,16.3411
1000000,114.868,118.8,0.295726,0.027812,1.41799,16.3312,16.3411
10000000,114.868,118.8,0.295726,0.027812,1.41799,16.3312,16.3411
1000,91.2238,100.307,0.175628,0.0105562,1.38997,5.3326,4.60421
10000,91.2238,100.307,0.175628,0.0105562,1.38997,4.63298,4.60421
100000,91.2238,100.307,0.175628,0.0105562,1.38997,4.60232,4.60421
1000000,91.2238,100.307,0.175628,0.0105562,1.38997,4.6033,4.60421
10000000,91.2238,100.307,0.175628,0.0105562,1.38997,4.60096,4.60421
